-- phpMyAdmin SQL Dump
-- version 4.7.9
-- https://www.phpmyadmin.net/
--
-- Host: 127.0.0.1:3307
-- Generation Time: Aug 21, 2020 at 07:04 AM
-- Server version: 10.1.31-MariaDB
-- PHP Version: 5.6.34

SET SQL_MODE = "NO_AUTO_VALUE_ON_ZERO";
SET AUTOCOMMIT = 0;
START TRANSACTION;
SET time_zone = "+00:00";


/*!40101 SET @OLD_CHARACTER_SET_CLIENT=@@CHARACTER_SET_CLIENT */;
/*!40101 SET @OLD_CHARACTER_SET_RESULTS=@@CHARACTER_SET_RESULTS */;
/*!40101 SET @OLD_COLLATION_CONNECTION=@@COLLATION_CONNECTION */;
/*!40101 SET NAMES utf8mb4 */;

--
-- Database: `esdm`
--

-- --------------------------------------------------------

--
-- Table structure for table `admin`
--

CREATE TABLE `admin` (
  `id` int(11) NOT NULL,
  `username` varchar(15) DEFAULT NULL,
  `password` varchar(50) DEFAULT NULL,
  `nama` varchar(50) DEFAULT NULL,
  `foto` varchar(255) DEFAULT NULL,
  `hak_akses` varchar(11) NOT NULL,
  `cabdin_esdm` int(5) NOT NULL
) ENGINE=InnoDB DEFAULT CHARSET=latin1;

--
-- Dumping data for table `admin`
--

INSERT INTO `admin` (`id`, `username`, `password`, `nama`, `foto`, `hak_akses`, `cabdin_esdm`) VALUES
(1, 'adminpusat', '5f070e44b4a535551380c8c15086a4eb', 'Admin DESDM Riau', 'user.png', '1', 0),
(2, 'cabdin1', '7a1b209fe8be668991d6ed0e039067af', 'Cabdin ESDM Wilayah 1', 'user.png', '2', 1),
(3, 'cabdin2', 'ee976693329dbb724465e523a8558e1b', 'Cabdin ESDM Wilayah 2', 'user1.png', '2', 2),
(4, 'cabdin3', '07bf5571ac56948c9906431e69353553', 'Cabdin ESDM Wilayah 3', 'user.png', '2', 3),
(5, 'cabdin4', '45b828d091c444a5ac0067403ea1857c', 'Cabdin ESDM Wilayah 4', 'user.png', '2', 4),
(6, 'cabdin5', 'af0be3fb3f1747d98942216e7901abd5', 'Cabdin ESDM Wilayah 5', 'user.png', '2', 5),
(7, 'cabdin6', '256ebd87881069a5236d96e9d1809120', 'Cabdin ESDM Wilayah 6', 'user.png', '2', 6),
(8, 'cabdin7', '456dac0d11cf3f21258b8eedac3f0d5c', 'Cabdin ESDM Wilayah 7', 'user.png', '2', 7),
(10, 'fandyzhuo', '3cc7dee0ad6fb9ed2703e363f3a04abb', 'Fandy Surya', 'user.png', '2', 1);

-- --------------------------------------------------------

--
-- Table structure for table `bukti_bayar`
--

CREATE TABLE `bukti_bayar` (
  `id_bukti` int(11) NOT NULL,
  `id_produksi` int(30) NOT NULL,
  `tgl_upload` timestamp NOT NULL DEFAULT CURRENT_TIMESTAMP ON UPDATE CURRENT_TIMESTAMP,
  `nm_bukti` varchar(500) DEFAULT NULL,
  `nominal` int(30) NOT NULL
) ENGINE=InnoDB DEFAULT CHARSET=latin1;

--
-- Dumping data for table `bukti_bayar`
--

INSERT INTO `bukti_bayar` (`id_bukti`, `id_produksi`, `tgl_upload`, `nm_bukti`, `nominal`) VALUES
(16, 11, '2018-08-21 17:14:25', 'Tugas4-2103137052_Siti_Nur_Afiyah_Laporan_desain_web_.pdf', 9000),
(17, 11, '2018-08-21 17:14:40', 'jbptunikompp-gdl-reniratnan-27736-1-babi.pdf', 10000),
(18, 12, '2018-08-21 17:14:55', 'Pengembangan_antrropometri_digital_untuk_peningkatan_kualitas_pengukuran_dimensi_tubuh_manusia.pdf', 40000),
(19, 12, '2018-08-21 17:15:15', 'Meyer-Zack-InfoProducts.pdf', 10000),
(20, 11, '2018-08-21 17:15:53', 'FORM_application_VISA_JEPANG.pdf', 30000),
(21, 12, '2018-08-21 17:19:01', 'PERMEN-NOMOR-32-TAHUN-2016-TENTANG-AKREDITASI-PRODI-DAN-PT-SALINAN.pdf', 62500),
(22, 11, '2018-08-21 17:20:35', 'petunjuk_penulis.pdf', 40000),
(23, 11, '2018-08-21 17:59:44', 'alam_semesta.jpg', 29000),
(24, 11, '2018-08-22 04:02:36', '19903_en_1.jpg', 23000),
(25, 12, '2018-08-22 05:03:47', 'images.jpg', 12500),
(26, 13, '2018-08-22 06:10:02', 'LOGO_SMK_LABOR_HD.png', 20000),
(27, 25, '2018-08-22 08:15:05', '1464802111.jpg', 10000),
(28, 25, '2018-08-22 08:15:41', 'garuda-1-2-3.jpg', 100000),
(29, 13, '2018-08-22 08:17:06', 'garuda-1-2-32.jpg', 200000),
(30, 13, '2018-08-22 08:18:08', 'tes1.png', 405000),
(31, 18, '2018-08-22 15:25:04', '19230_en_1.jpg', 90000),
(32, 18, '2018-08-22 15:28:53', 'tes2.png', 1285000),
(33, 12, '2018-08-22 17:19:16', '14648021112.jpg', 37500),
(34, 13, '2018-08-23 05:19:40', '874-1965-1-PB.pdf', 21000),
(35, 26, '2018-09-04 02:11:28', '1.jpg', 3334),
(36, 25, '2018-09-04 03:15:34', '2.png', 127500),
(37, 27, '2018-09-04 03:24:03', '1.png', 45000),
(38, 27, '2018-09-04 03:24:30', '4.png', 180000),
(39, 28, '2018-09-04 03:29:34', '42.png', 100000),
(40, 28, '2018-09-04 03:30:20', '22.png', 70000);

-- --------------------------------------------------------

--
-- Table structure for table `desa`
--

CREATE TABLE `desa` (
  `id_desa` int(11) NOT NULL,
  `id_kecamatan` int(11) NOT NULL,
  `desa` varchar(40) NOT NULL
) ENGINE=InnoDB DEFAULT CHARSET=latin1;

--
-- Dumping data for table `desa`
--

INSERT INTO `desa` (`id_desa`, `id_kecamatan`, `desa`) VALUES
(1, 1, 'Air Putih'),
(2, 2, 'Bantan Air'),
(3, 6, 'Kadur'),
(4, 6, 'Tanjung Medang'),
(5, 6, 'Tanjung Punak'),
(6, 6, 'Teluk Rhu'),
(7, 6, 'Titi Akar'),
(8, 23, 'Pekan Kamis'),
(9, 23, 'Pulau Palas'),
(10, 23, 'Sialang Panjang'),
(11, 23, 'Tembilahan Hulu'),
(12, 24, 'Harapan Jaya'),
(13, 24, 'Karya Tunas Jaya	'),
(14, 24, 'Mumpa'),
(15, 24, 'Sungai Salak'),
(16, 24, 'Teluk Jira'),
(17, 24, 'Teluk Kiambang'),
(18, 24, 'Tempuling'),
(19, 27, 'Koto Tuo'),
(20, 27, 'Peladangan'),
(21, 27, 'Pematang'),
(22, 27, 'Pematang Benteng	'),
(23, 27, 'Pesajian'),
(24, 27, 'Punti Kayu'),
(25, 27, 'Selunak'),
(26, 27, 'Sencano Jaya'),
(27, 27, 'Suka Maju'),
(28, 27, 'Sungai Aur'),
(29, 83, 'Beringin Jaya'),
(30, 83, 'Bukit Raya'),
(31, 83, 'Koto Baru'),
(32, 83, 'Muara Bahan'),
(33, 83, 'Petai'),
(34, 83, 'Simpang Raya'),
(35, 83, 'Suka Damai'),
(36, 83, 'Sukamaju'),
(37, 83, 'Sumber Jaya'),
(38, 83, 'Sungai Buluh'),
(39, 83, 'Sungai Paku'),
(40, 83, 'Tanjung Pauh'),
(41, 82, 'Pulau Padang'),
(42, 74, 'Pulau Mungkur'),
(43, 117, 'Koto Tinggi'),
(44, 124, ' Ngaso'),
(45, 124, 'Pematang Tebih'),
(46, 124, 'Suka Damai'),
(47, 124, 'Ujung Batu'),
(48, 124, 'Ujung Batu Timur'),
(49, 114, 'Kota Intan'),
(50, 115, 'Pagaran Tapah'),
(51, 39, 'Bangkinang Kota'),
(52, 39, 'Kumantan'),
(53, 39, 'Langgini'),
(54, 39, 'Ridan Permai'),
(55, 55, 'Pulau Payung'),
(56, 58, 'Rimba Panjang'),
(57, 58, 'Kuapan'),
(58, 58, 'Terantang'),
(60, 62, 'Muara Takus'),
(61, 62, 'Koto Tuo Barat'),
(62, 62, 'Taktis'),
(63, 62, 'Tanjung'),
(64, 62, 'Gunung Malelo'),
(65, 53, 'Sungai Tonang'),
(66, 52, 'Koto Perambahan'),
(67, 43, 'Tanjung Berulak'),
(68, 50, 'Tanjung Belit'),
(69, 26, 'Usul'),
(70, 41, 'Pasir Sialang'),
(71, 41, 'Muara Uwai'),
(72, 56, 'Ganting Damai'),
(73, 41, 'Binuang'),
(74, 1, 'Kelapa Pati'),
(75, 1, 'Kelemantan'),
(76, 1, 'Ketam Putih'),
(77, 1, 'Meskom'),
(78, 1, 'Pangkalan Batang'),
(79, 1, 'Pedekik'),
(80, 1, 'Pematang Duku'),
(81, 1, 'Penampi'),
(82, 1, 'Penebal'),
(83, 1, 'Rimba Sekampung'),
(84, 1, 'Sebauk'),
(85, 1, 'Sei/Sungai Alam'),
(86, 1, 'Sekodi'),
(87, 1, 'Teluk Latak'),
(88, 1, 'Temeran'),
(89, 1, 'Wonosari'),
(90, 1, 'Bengkalis Kota'),
(91, 1, 'Damon/Damun'),
(92, 1, 'Senggoro'),
(93, 2, 'Bantan Tengah'),
(94, 2, 'Bantan Tua'),
(95, 2, 'Jangkang'),
(96, 2, 'Kembung Dalam'),
(97, 2, 'Kembung Luar'),
(98, 2, 'Muntai'),
(99, 2, 'Selat Baru'),
(100, 2, 'Teluk Lancar'),
(101, 2, 'Teluk Pambang'),
(102, 3, 'Api Api'),
(103, 3, 'Bukit Batu'),
(104, 3, 'Bukit Kerikil'),
(105, 3, 'Buruk Bakul'),
(106, 3, 'Dompas'),
(107, 3, 'Pangkalan Jambi'),
(108, 3, 'Parit I Api Api'),
(109, 3, 'Sejangat'),
(110, 3, 'Sepahat'),
(111, 3, 'Sukajadi'),
(112, 3, 'Sungai Pakning'),
(113, 3, 'Sungai Selari'),
(114, 3, 'Tanjung Leban'),
(115, 3, 'Temiang'),
(116, 3, 'Tenggayun'),
(117, 4, 'Air Jamban'),
(118, 4, 'Babussalam'),
(119, 4, 'Balai Makam'),
(120, 4, 'Balik Alam'),
(121, 4, 'Batang Serosa'),
(122, 4, 'Bumbung'),
(123, 4, 'Duri Barat'),
(124, 4, 'Duri Timur'),
(125, 4, 'Gajah Sakti'),
(126, 4, 'Harapan Baru'),
(127, 4, 'Pematang Pudu'),
(128, 4, 'Petani'),
(129, 4, 'Sebangar'),
(130, 4, 'Sesumbo Ampai (Kesumo Ampai)'),
(131, 4, 'Talang Mandi'),
(132, 8, 'Balai Pungut'),
(133, 8, 'Balai Raja'),
(134, 8, 'Beringin'),
(135, 8, 'Kuala Penaso'),
(136, 8, 'Melibur'),
(137, 8, 'Muara Basung'),
(138, 8, 'Pinggir'),
(139, 8, 'Semunai'),
(140, 8, 'Serai Wangi'),
(141, 8, 'Tasik Serai'),
(142, 8, 'Tasik Serai Timur'),
(143, 8, 'Tengganau'),
(144, 8, 'Titian Antui'),
(145, 5, 'Batu Panjang'),
(146, 5, 'Darul Aman'),
(147, 5, 'Hutan Panjang'),
(148, 5, 'Makeruh'),
(149, 5, 'Pangkalan Nyirih'),
(150, 5, 'Parit Kebumen'),
(151, 5, 'Pergam'),
(152, 5, 'Sei/Sungai Cingam'),
(153, 5, 'Sukarjo Mesin'),
(154, 5, 'Tanjung Kapal'),
(155, 5, 'Teluk Lecah'),
(156, 5, 'Terkul'),
(162, 7, 'Bandar Jaya'),
(163, 7, 'Langkat'),
(164, 7, 'Lubuk Garam'),
(165, 7, 'Lubuk Gaung'),
(166, 7, 'Lubuk Muda'),
(167, 7, 'Muara Dua'),
(168, 7, 'Sadar Jaya'),
(169, 7, 'Sepotong'),
(170, 7, 'Sumber Jaya'),
(171, 7, 'Sungai Limau (Linau)'),
(172, 7, 'Sungai Siput'),
(173, 7, 'Tanjung Belit'),
(174, 7, 'Tanjung Damai'),
(175, 25, 'Alim'),
(176, 25, 'Anak Talang'),
(177, 25, 'Aur Cina'),
(178, 25, 'Batu Papan'),
(179, 25, 'Bukit Lingkar'),
(180, 25, 'Bukit Lipai'),
(181, 25, 'Cenaku Kecil'),
(182, 25, 'Kepayang Sari'),
(183, 25, 'Kerubung Jaya'),
(184, 25, 'Kuala Gading'),
(185, 25, 'Kuala Kilan'),
(186, 25, 'Lahai Kemuning'),
(187, 25, 'Pejangki'),
(188, 25, 'Pematang Manggis'),
(189, 25, 'Petaling Jaya'),
(190, 25, 'Puntianai'),
(191, 25, 'Sanglap'),
(192, 25, 'Sipang'),
(193, 25, 'Talang Bersemi'),
(194, 25, 'Talang Mulya'),
(195, 26, 'Belimbing'),
(196, 26, 'Danau Rambai'),
(197, 26, 'Panyaguan'),
(198, 26, 'Rantau Langsat'),
(199, 26, 'Ringin'),
(200, 26, 'Seberida'),
(201, 26, 'Siambul'),
(202, 26, 'Sungai Akar'),
(203, 26, 'Talang Lakat'),
(215, 28, 'Bongkal Malang'),
(216, 28, 'Bukit Selanjut'),
(217, 28, 'Dusun Tua'),
(218, 28, 'Dusun Tua Pelang'),
(219, 28, 'Kota Medan'),
(220, 28, 'Pasir Beringin	'),
(221, 28, 'Pelangko'),
(222, 28, 'Polak Pisang'),
(223, 28, 'Pulau Sengkilo'),
(224, 28, 'Simpang Kelayang'),
(225, 28, 'Simpang Kota Medan'),
(226, 28, 'Sungai Banyak Ikan'),
(227, 28, 'Sungai Golang'),
(228, 28, 'Sungai Kuning Benio'),
(229, 28, 'Sungai Pasir Putih'),
(230, 28, 'Tanjung Beludu'),
(231, 28, 'Teluk Sejuah'),
(232, 29, 'Kuala Cenaku'),
(233, 29, 'Kuala Mulia'),
(234, 29, 'Pulau Gelang'),
(235, 29, 'Pulau Jum\'at'),
(236, 29, 'Rawa Asri'),
(237, 29, 'Rawa Sekip'),
(238, 29, 'Suka Jadi'),
(239, 29, 'Tambak'),
(240, 29, 'Tanjung Sari'),
(241, 29, 'Teluk Sungkai'),
(242, 30, 'Banjar Balam'),
(243, 30, 'Gudang Batu'),
(244, 30, 'Japura'),
(245, 30, 'Lambang Sari I, II, III	'),
(246, 30, 'Lambang Sari IV'),
(247, 30, 'Lambang Sari V'),
(248, 30, 'Lirik Area'),
(249, 30, 'Mekarsari'),
(250, 30, 'Pasir Ringgit'),
(251, 30, 'Pasir Sialang Jaya'),
(252, 30, 'Redang Seko'),
(253, 30, 'Rejosari'),
(254, 30, 'Seko Lubuk Tigo'),
(255, 30, 'Sidomulyo'),
(256, 30, 'Sukajadi'),
(257, 30, 'Sungai Sagu'),
(258, 30, 'Wonosari'),
(262, 31, 'Air Putih'),
(263, 31, 'Kulim Jaya'),
(264, 31, 'Lubuk Batu Tinggal'),
(265, 31, 'Pondok Gelugur'),
(266, 31, 'Pontian Mekar'),
(267, 31, 'Rimpian'),
(268, 31, 'Sei Seberas Hilir'),
(269, 31, 'Sei Beras-beras'),
(270, 31, 'Tasik Juang'),
(271, 32, 'Air Molek I'),
(272, 32, 'Air Molek II'),
(273, 32, 'Batu Gajah'),
(274, 32, 'Candi Rejo'),
(275, 32, 'Jatirejo'),
(276, 32, 'Kembang Harum'),
(277, 32, 'Lembah Dusun Gading'),
(278, 32, 'Pasir Keranji'),
(279, 32, 'Petalongan'),
(280, 32, 'Sekar Mawar'),
(281, 32, 'Serumpun Jaya'),
(282, 32, 'Tanah Merah'),
(283, 32, 'Tanjung Gading'),
(284, 33, 'Baturijal Barat'),
(285, 33, 'Baturijal Hilir'),
(286, 33, 'Baturijal Hulu'),
(287, 33, 'Gumanti'),
(288, 33, 'Katipo Pura'),
(289, 33, 'Pandan Wangi'),
(290, 33, 'Pauh Ranap'),
(291, 33, 'Peranap'),
(292, 33, 'Semelinang Darat'),
(293, 33, 'Semelinang Tebing	'),
(294, 33, 'Serai Wangi'),
(295, 33, 'Setako Raya'),
(296, 34, 'Batu Sawar'),
(297, 34, 'Bukit Indah'),
(298, 34, 'Kampung Bunga'),
(299, 34, 'Kelayang'),
(300, 34, 'Kota Baru'),
(301, 34, 'Kuantan Tenang'),
(302, 34, 'Lubuk Sitarak'),
(303, 34, 'Petonggan'),
(304, 34, 'Rimba Seminai'),
(305, 34, 'Talang Durian Cacar'),
(306, 34, 'Talang Gedabu'),
(307, 34, 'Talang Perigi'),
(308, 34, 'Talang Pring Jaya'),
(309, 34, 'Talang Selantai'),
(310, 34, 'Talang Suka Maju'),
(311, 34, 'Talang Sungai Ekok'),
(312, 34, 'Talang Sungai Limau'),
(313, 34, 'Talang Sungai Parit'),
(314, 34, 'Talang Tujuh Buah Tangga	'),
(315, 35, 'Kampung Besar Kota'),
(316, 35, 'Kampung Besar Seberang'),
(317, 35, 'Kampung Dagang'),
(318, 35, 'Kampung Pulau'),
(319, 35, 'Kuantan Baru'),
(320, 35, 'Pasar Kota'),
(321, 35, 'Pasir Kemilu'),
(322, 35, 'Pulau Gajah'),
(323, 35, 'Rantau Mapesai'),
(324, 35, 'Rawa Bangun'),
(325, 35, 'Sekip Hilir'),
(326, 35, 'Sekip Hulu'),
(327, 35, 'Sungai Beringin'),
(328, 35, 'Sungai Guntung Tengah'),
(329, 35, 'Sungai Raya'),
(330, 36, 'Air Jernih'),
(331, 36, 'Alang Kepayang'),
(332, 36, 'Barangan'),
(333, 36, 'Bukit Petaling'),
(334, 36, 'Danau Baru'),
(335, 36, 'Danau Tiga'),
(336, 36, 'Kota Lama'),
(337, 36, 'Pekan Heran'),
(338, 36, 'Pematang Jaya'),
(339, 36, 'Pematang Reba'),
(340, 36, 'Rantau Bakung'),
(341, 36, 'Redang'),
(342, 36, 'Sialang Dua Dahan'),
(343, 36, 'Sungai Baung'),
(344, 36, 'Sungai Dawu'),
(345, 36, 'Talang Jerinjing'),
(346, 36, 'Tanah Datar'),
(347, 36, 'Tanah Makmur'),
(348, 37, 'Bandar Padang'),
(349, 37, 'Beligan'),
(350, 37, 'Bukit Meranti'),
(351, 37, 'Buluh Rampai'),
(352, 37, 'Kelesa'),
(353, 37, 'Pangkalan Kasai'),
(354, 37, 'Paya Rumbai'),
(355, 37, 'Petala Bumi'),
(356, 37, 'Seresam'),
(357, 37, 'Sibabat'),
(358, 37, 'Titian Resak'),
(359, 38, 'Kelawat'),
(360, 38, 'Kuala Lala'),
(361, 38, 'Morong'),
(362, 38, 'Pasir Batu Mandi'),
(363, 38, 'Pasir Bongkal'),
(364, 38, 'Pasir Kelampaian'),
(365, 38, 'Pasir Selabau'),
(366, 38, 'Perkebunan Sungai Lala'),
(367, 38, 'Perkebunan Sungai Parit'),
(368, 38, 'Sungai Air Putih'),
(369, 38, 'Sungai Lala'),
(370, 38, 'Tanjung Danau'),
(371, 40, 'Batu Langka Kecil'),
(372, 40, 'Bukit Melintang'),
(373, 40, 'Empat Balai'),
(374, 40, 'Kuok'),
(375, 40, 'Lereng'),
(376, 40, 'Merangin'),
(377, 40, 'Pulau Jambu'),
(378, 40, 'Pulau Terap'),
(379, 40, 'Silam'),
(380, 41, 'Bukit Payung'),
(381, 41, 'Bukit Sembilan'),
(382, 41, 'Laboi Jaya'),
(383, 41, 'Pulau'),
(384, 41, 'Pulau Lawas'),
(385, 41, 'Suka Mulya'),
(386, 42, 'Gunung Mulya'),
(387, 42, 'Gunung Sahilan'),
(388, 42, 'Gunung Sari'),
(389, 42, 'Kebun Durian'),
(390, 42, 'Makmur Sejahtera'),
(391, 42, 'Sahilan Darussalam'),
(392, 42, 'Subarak'),
(393, 42, 'Suka Makmur'),
(394, 42, 'Sungai Lipai'),
(395, 43, 'Air Tiris'),
(396, 43, 'Batu Belah'),
(397, 43, 'Bukit Ranah'),
(398, 43, 'Koto Tibun'),
(399, 43, 'Limau Manis'),
(400, 43, 'Naumbai'),
(401, 43, 'Padang Mutung'),
(402, 43, 'Penyasawan'),
(403, 43, 'Pulau Jambu'),
(404, 43, 'Pulau Sarak'),
(405, 43, 'Pulau Tinggi'),
(406, 43, 'Ranah'),
(407, 43, 'Ranah Baru'),
(408, 43, 'Ranah Singkuang'),
(409, 43, 'Rumbio'),
(410, 43, 'Simpang Kubu'),
(411, 43, 'Tanjung Rambutan	'),
(412, 44, 'Domo'),
(413, 44, 'IV Koto Setingkai'),
(414, 44, 'Kuntu'),
(415, 44, 'Kuntu Darussalam'),
(416, 44, 'Lipat Kain'),
(417, 44, 'Lipat Kain Selatan'),
(418, 44, 'Lipat Kain Utara'),
(419, 44, 'Muara Selaya'),
(420, 44, 'Padang Sawah'),
(421, 44, 'Sungai Geringging'),
(422, 44, 'Sungai Harapan'),
(423, 44, 'Sungai Liti'),
(424, 44, 'Sungai Paku'),
(425, 44, 'Sungai Raja'),
(426, 44, 'Sungai Rambai'),
(427, 44, 'Sungai Sarik'),
(428, 44, 'Tanjung Harapan'),
(429, 44, 'Tanjung Mas'),
(430, 44, 'Teluk Paman'),
(431, 44, 'Teluk Paman Timur'),
(432, 49, 'Bangun Sari'),
(433, 49, 'Gading Permai'),
(434, 494, 'Mentulik'),
(435, 49, 'Rantau Kasih'),
(436, 49, 'Sungai Bunga'),
(437, 49, 'Sungai Pagar'),
(438, 49, 'Sungai Petai'),
(439, 49, 'Sungai Simpang Dua'),
(440, 50, 'Aur Kuning'),
(441, 50, 'Batu Sanggan'),
(442, 50, 'Batu Sasak'),
(443, 50, 'Bukit Betung'),
(444, 50, 'Danau Sontul'),
(445, 50, 'Deras Tajak'),
(446, 50, 'Dua Sepakat'),
(447, 50, 'Gajah Bertalut'),
(448, 50, 'Gema'),
(449, 50, 'Kebun Tinggi'),
(450, 50, 'Kota Lama'),
(451, 50, 'Lubuk Bigau'),
(452, 50, 'Ludai'),
(453, 50, 'Muara Bio'),
(454, 50, 'Pangkalan Kapas'),
(455, 50, 'Pangkalan Serai'),
(456, 50, 'Subang Jaya'),
(457, 50, 'Sungai Santi'),
(458, 50, 'Tanjung Belit Selatan'),
(459, 50, 'Tanjung Beringin'),
(460, 50, 'Tanjung Permai'),
(461, 50, 'Terusan'),
(462, 51, 'Bina Baru'),
(463, 51, 'Bukit Sakai'),
(464, 51, 'Hidup Baru'),
(465, 51, 'Karya Bakti'),
(466, 51, 'Koto Damai'),
(467, 51, 'Mayang Pongkai'),
(468, 51, 'Mekar Jaya'),
(469, 51, 'Penghidupan'),
(470, 51, 'Simalinyang'),
(471, 51, 'Utama Karya'),
(472, 52, 'Deli Makmur'),
(473, 52, 'Kampar'),
(474, 52, 'Pulau Birandang'),
(475, 52, 'Pulau Rambai'),
(476, 52, 'Sawah Baru'),
(477, 52, 'Sungai Putih'),
(478, 52, 'Sungai Tarap'),
(479, 52, 'Tanjung Bungo'),
(480, 53, 'Kampung Panjang Air Tiris	'),
(481, 53, 'Kayu Aro'),
(482, 53, 'Muara Jalai'),
(483, 53, 'Naga Beralih'),
(484, 53, 'Sawah'),
(485, 53, 'Sendayan'),
(486, 53, 'Sungai Jalau'),
(487, 54, 'Hang Tuah'),
(488, 54, 'Kampung Pinang'),
(489, 54, 'Lubuk Sakat'),
(490, 54, 'Pantai Raja'),
(491, 54, 'Sialang Kubang'),
(492, 127, 'Telaga Sam Sam'),
(493, 126, 'Dayun'),
(494, 82, 'Muara Lembu'),
(495, 127, 'Simpang Belutu'),
(496, 138, 'Perawang Barat'),
(498, 58, 'Sungai Pinang'),
(499, 62, 'Pongkai Istiqomah'),
(500, 139, 'Bagan Besar'),
(501, 139, 'Bukit Kayu Kapur'),
(502, 139, 'Bukit Nenas'),
(503, 139, 'Gurun Panjang'),
(504, 140, 'Bumi Ayu'),
(505, 140, 'Bagan Keladi'),
(506, 140, 'Laksamana'),
(507, 140, 'Mekar Sari'),
(508, 140, 'Rimba Sekampung'),
(509, 140, 'Purnama'),
(510, 140, 'Darul Ichsan'),
(511, 140, 'Pangkalan Sesai'),
(512, 140, 'Simpang Tetap Darul Ichsan'),
(513, 140, 'Bukit Datuk'),
(514, 140, 'Ratu Sima'),
(515, 140, 'Bukit Timah'),
(516, 141, 'Bukit Batrem'),
(517, 141, 'Dumai Kota'),
(518, 141, 'Bintan'),
(519, 141, 'Sukajadi'),
(520, 141, 'Teluk Binjai'),
(521, 141, 'Buluh Kasap'),
(522, 141, 'Jaya Mukti'),
(523, 141, 'Tanjung Palas'),
(524, 142, 'Guntung'),
(525, 142, 'Mundam'),
(526, 142, 'Pelintung'),
(527, 142, 'Teluk Makmur'),
(528, 143, 'Bangsal Aceh'),
(529, 143, 'Basilam Baru'),
(530, 143, 'Batu Teritip'),
(531, 143, 'Lubuk Gaung'),
(532, 143, 'Tanjung Penyembal'),
(533, 9, 'Gemilang Jaya'),
(534, 9, 'Kuala Sebatu'),
(535, 9, 'Sialang Jaya'),
(536, 9, 'Sungai Dusun'),
(537, 9, 'Sungai Junjangan'),
(538, 9, 'Sungai Luar'),
(539, 9, 'Sungai Piring'),
(540, 9, 'Sungai Rawa'),
(541, 9, 'Sungai Raya'),
(542, 9, 'Tanjung Siantar'),
(543, 9, 'Tasik Raya'),
(544, 10, 'Concong Dalam'),
(545, 10, 'Concong Luar'),
(546, 10, 'Concong Tengah'),
(547, 10, 'Kampung Baru'),
(548, 10, 'Panglima Raja'),
(549, 10, 'Sungai Berapit'),
(550, 157, 'Bagan Jaya'),
(551, 157, 'Enok'),
(552, 157, 'Jaya Bhakti'),
(553, 157, 'Pengalihan'),
(554, 157, 'Pusaran'),
(555, 157, 'Rantau Panjang'),
(556, 157, 'Simpang Tiga'),
(557, 157, 'Suhada'),
(558, 157, 'Sungai Ambat'),
(559, 157, 'Sungai Lokan'),
(560, 157, 'Sungai Rukam'),
(561, 157, 'Teluk Medan'),
(562, 11, 'Belantaraya'),
(563, 11, 'Jerambang'),
(564, 11, 'Kuala Lahang'),
(565, 11, 'Lahang Baru'),
(566, 11, 'Lahang Hulu'),
(567, 11, 'Lahang Tengah'),
(568, 11, 'Pungkat'),
(569, 11, 'Simpang Gaung'),
(570, 11, 'Sungai Baru'),
(571, 11, 'Teluk Kabung'),
(572, 11, 'Terusan Kempas'),
(573, 12, 'Kuala Gaung'),
(574, 12, 'Rambaian'),
(575, 12, 'Sungai Empat'),
(576, 12, 'Sungai Iliran'),
(577, 12, 'Teluk Pantaian'),
(578, 12, 'Teluk Pinang'),
(579, 12, 'Teluk Sungka'),
(580, 12, 'Teluk Tuasan'),
(581, 13, 'Air Tawar'),
(582, 13, 'Kuala Selat'),
(583, 13, 'Penjuru'),
(584, 13, 'Sari Mulia/Mulya'),
(585, 13, 'Sungai Simbar'),
(586, 13, 'Sungai Teritip'),
(587, 13, 'Tagaraja (Tegaraja)'),
(588, 13, 'Tanjung Raja'),
(589, 14, 'Bayas Jaya'),
(590, 14, 'Harapan Tani'),
(591, 14, 'Karya Tani'),
(592, 14, 'Kempas Jaya'),
(593, 14, 'Pekan Tua'),
(594, 14, 'Rumbai Jaya'),
(595, 14, 'Sungai Arah'),
(596, 14, 'Sungai Gantang'),
(597, 158, 'Air Balui'),
(598, 158, 'Batu Ampar'),
(599, 158, 'Dusun Tuk Jimun'),
(600, 158, 'Kemuning Muda'),
(601, 158, 'Kemuning Tua'),
(602, 158, 'Keritang'),
(603, 158, 'Limau Manis'),
(604, 158, 'Lubuk Besar'),
(605, 158, 'Sekara'),
(606, 158, 'Selensen'),
(607, 158, 'Talang Jangkang'),
(608, 15, 'Kembang Mekar Sari'),
(609, 15, 'Kota Baru Reteh'),
(610, 15, 'Kota Baru Seberida'),
(611, 15, 'Kuala Keritang'),
(612, 15, 'Kuala Lemang'),
(613, 15, 'Nusantara Jaya'),
(614, 15, 'Pancur'),
(615, 15, 'Pasar Kembang'),
(616, 15, 'Pebenaan'),
(617, 15, 'Pengalihan/Pengalehan'),
(618, 15, 'Seberang Pebenaan'),
(619, 15, 'Sencalang'),
(620, 15, 'Teluk Kelasa'),
(621, 16, 'Perigi Raja'),
(622, 16, 'Sapat'),
(623, 16, 'Sungai Bela'),
(624, 16, 'Sungai Buluh'),
(625, 16, 'Sungai Piyai'),
(626, 16, 'Tanjung Lajau'),
(627, 16, 'Tanjung Melayu'),
(628, 16, 'Teluk Dalam'),
(629, 17, 'Bakau Aceh'),
(630, 17, 'Bantaian (Bantayan)'),
(631, 17, 'Batang Sari'),
(632, 17, 'Batang Tumu'),
(633, 17, 'Bekawan'),
(634, 17, 'Belaras'),
(635, 17, 'Bente'),
(636, 17, 'Bolak Raya'),
(637, 17, 'Igal'),
(638, 17, 'Khairiah Mandah'),
(639, 17, 'Pelanduk'),
(640, 17, 'Pulau Cawan'),
(641, 18, 'Bagan Jaya'),
(642, 18, 'Catur Karya'),
(643, 18, 'Gaung/Baung Rejo Jaya'),
(644, 18, 'Intan Mulia/Mulya Jaya'),
(645, 18, 'Pelangiran'),
(646, 18, 'Pinang Jaya'),
(647, 18, 'Rotan Semelur'),
(648, 18, 'Saka Palas Jaya'),
(649, 18, 'Simpang Kateman'),
(650, 18, 'Tagagiri Raja'),
(651, 18, 'Tagagiri Tama Jaya'),
(652, 18, 'Tanjung Simpang'),
(653, 18, 'Tegal Rejo'),
(654, 18, 'Teluk Bunian'),
(655, 18, 'Wonosari'),
(656, 19, 'Bangun Harjo Jaya'),
(657, 19, 'Beringin Jaya'),
(658, 19, 'Binangun Jaya'),
(659, 19, 'Bukit Sari Intan Jaya'),
(660, 19, 'Keramat/Kramat Jaya'),
(661, 19, 'Manunggal Jaya'),
(662, 19, 'Mayang Sari Jaya'),
(663, 19, 'Pulau Burung'),
(664, 19, 'Ringin Jaya'),
(665, 19, 'Sapta Jaya'),
(666, 19, 'Sempadan Jaya'),
(667, 19, 'Sri Danai'),
(668, 19, 'Suka Jaya'),
(669, 19, 'Suko Harjo Jaya'),
(670, 19, 'Sungai Danai'),
(671, 19, 'Teluk Nibung'),
(672, 159, 'Mekar Sari'),
(673, 159, 'Pulau Kecil'),
(674, 159, 'Pulau Kijang'),
(675, 159, 'Pulau Ruku'),
(676, 159, 'Sanglar'),
(677, 159, 'Seberang Pulau Kijang'),
(678, 159, 'Seberang Sanglar'),
(679, 159, 'Sungai Asam'),
(680, 159, 'Sungai Terab/Terap'),
(681, 159, 'Sungai Undan'),
(682, 160, 'Benteng'),
(683, 160, 'Benteng Barat'),
(684, 160, 'Benteng Utara'),
(685, 160, 'Kuala Patah Parang'),
(686, 160, 'Kuala Sungai Batang'),
(687, 160, 'Pesanggerahan (Pasenggarahan)'),
(688, 20, 'Kuala Enok'),
(689, 20, 'Selat Nama'),
(690, 20, 'Sungai Laut'),
(691, 20, 'Sungai Nyiur'),
(692, 20, 'Tanah Merah'),
(693, 20, 'Tanjung Baru'),
(694, 20, 'Tanjung Pasir'),
(695, 20, 'Tekulai Bugis'),
(696, 20, 'Tekulai Hilir'),
(697, 20, 'Tekulai Hulu'),
(698, 21, 'Beringin Mulya'),
(699, 21, 'Gembaran'),
(700, 21, 'Griya Mukti Jaya'),
(701, 21, 'Hibrida Jaya'),
(702, 21, 'Hibrida Mulya'),
(703, 21, 'Indra Sari Jaya'),
(704, 21, 'Kelapa Patih Jaya'),
(705, 21, 'Saka Rotan'),
(706, 21, 'Sapta Mulya Jaya'),
(707, 21, 'Sumber Jaya'),
(708, 21, 'Sumber Makmur Jaya'),
(709, 21, 'Sumber Sari Jaya'),
(710, 21, 'Tunggal Rahayu Jaya'),
(711, 22, 'Tembilahan Hilir'),
(712, 22, 'Pekan Arba'),
(713, 22, 'Seberang Tembilahan'),
(714, 22, 'Sungai Perak'),
(715, 22, 'Tembilahan Kota'),
(716, 22, 'Sungai Beringin'),
(717, 25, 'Bukit Indah'),
(718, 35, 'Sungai Guntung Hilir'),
(719, 55, 'Alam Panjang'),
(720, 55, 'Batang Batindih'),
(721, 55, 'Bukit Kratai'),
(722, 55, 'Tambusai'),
(723, 55, 'Teratak'),
(724, 56, 'Ganting'),
(725, 56, 'Salo'),
(726, 56, 'Salo Timur'),
(727, 56, 'Siabu'),
(728, 56, 'Sipungguk/Sepungguk'),
(729, 57, 'Buluh Cina'),
(730, 57, 'Buluh Nipis'),
(731, 57, 'Desa Baru'),
(732, 57, 'Kepau Jaya'),
(733, 57, 'Kubang Jaya'),
(734, 57, 'Lubuk Siam'),
(735, 57, 'Pandau Jaya'),
(736, 57, 'Pangkalan Baru'),
(737, 57, 'Pangkalan Serik'),
(738, 57, 'Tanah Merah'),
(739, 57, 'Tanjung Balam'),
(740, 57, 'Teratak Buluh'),
(741, 58, 'Aursati'),
(742, 58, 'Gobah'),
(743, 58, 'Kemang Indah'),
(744, 58, 'Kualu'),
(745, 58, 'Kualu Nenas'),
(746, 58, 'Padang Luas'),
(747, 58, 'Parit Baru'),
(748, 58, 'Tambang'),
(749, 58, 'Tarai Bangun'),
(750, 58, 'Teluk Kenidai'),
(751, 59, 'Air Terbit'),
(752, 59, 'Bencah Kelubi'),
(753, 59, 'Gading Sari'),
(754, 59, 'Indra Sakti'),
(755, 59, 'Indrapuri'),
(756, 59, 'Karya Indah'),
(757, 59, 'Kijang Rejo'),
(758, 59, 'Kinantan/Kenantan'),
(759, 59, 'Muara Mahat Baru'),
(760, 59, 'Mukti Sari'),
(761, 59, 'Pagaruyung'),
(762, 59, 'Pancuran Gading'),
(763, 59, 'Pantai Cermin'),
(764, 59, 'Pelambaian'),
(765, 59, 'Petapahan'),
(766, 59, 'Petapahan Jaya'),
(767, 59, 'Sari Galuh'),
(768, 59, 'Sungai Agung'),
(769, 59, 'Sungai Lembu Makmur'),
(770, 59, 'Sungai Putih'),
(771, 59, 'Sibuak'),
(772, 59, 'Sumber Makmur'),
(773, 59, 'Tanjung Sawit'),
(774, 59, 'Tri Manunggal'),
(775, 60, 'Beringin Lestari'),
(776, 60, 'Cinta Damai'),
(777, 60, 'Gerbang Sari'),
(778, 60, 'Kijang Jaya'),
(779, 60, 'Kijang Makmur'),
(780, 60, 'Kota Baru'),
(781, 60, 'Kota Garo'),
(782, 60, 'Koto Bangun'),
(783, 60, 'Koto Aman'),
(784, 60, 'Sikijang/Sekijang'),
(785, 60, 'Suka Maju'),
(786, 60, 'Tanah Tinggi'),
(787, 60, 'Tandan Sari'),
(788, 60, 'Tapung Lestari'),
(789, 60, 'Tapung Makmur'),
(790, 60, 'Tebing Lestari'),
(791, 61, 'Bukit Kemuning'),
(792, 61, 'Danau Lancang'),
(793, 61, 'Intan Jaya'),
(794, 61, 'Kasikan'),
(795, 61, 'Kusau Makmur'),
(796, 61, 'Muara Intan'),
(797, 61, 'Rimba Beringin'),
(798, 61, 'Rimba Jaya'),
(799, 61, 'Rimba Makmur'),
(800, 61, 'Sinama/Senama Nenek'),
(801, 61, 'Suka Ramai'),
(802, 61, 'Sumber Sari'),
(803, 61, 'Tanah Datar'),
(804, 62, 'Balung'),
(805, 62, 'Bandur Picak'),
(806, 62, 'Batu Bersurat'),
(807, 62, 'Binamang'),
(808, 62, 'Gunung Bungsu'),
(809, 62, 'Koto Mesjid'),
(810, 62, 'Koto Tuo'),
(811, 62, 'Lubuk Agung'),
(812, 62, 'Pongkai'),
(813, 62, 'Pulau Gadang'),
(814, 62, 'Ranah Sungkai'),
(815, 62, 'Sibiruang/Siberuang'),
(816, 62, 'Tabing'),
(817, 62, 'Tanjung Alai'),
(818, 72, 'Banjar Benai'),
(819, 72, 'Banjar Lopak'),
(820, 72, 'Benai'),
(821, 72, 'Benai Kecil'),
(822, 72, 'Beringin Jaya'),
(823, 72, 'Geringging Baru'),
(824, 72, 'Geringging Jaya'),
(825, 72, 'Gunung Kesiangan'),
(826, 72, 'Jalur Patah'),
(827, 72, 'Koto Benai'),
(828, 72, 'Langsat Hulu'),
(829, 72, 'Marsawa'),
(830, 72, 'Muara Langsat'),
(831, 72, 'Parit Teratak Air Hitam'),
(832, 72, 'Pulau Ingu'),
(833, 72, 'Pulau Kalimanting'),
(834, 72, 'Pulau Lancang'),
(835, 72, 'Pulau Tongah'),
(836, 72, 'Seberang Teratak Air Hitam'),
(837, 72, 'Siberakun'),
(838, 72, 'Simandolak'),
(839, 72, 'Talontam'),
(840, 72, 'Tanjung Simandolak'),
(841, 72, 'Tebing Tinggi'),
(842, 72, 'Teratak Air Hitam'),
(843, 72, 'Ujung Tanjung'),
(844, 73, 'Kampung Baru'),
(845, 73, 'Kompe Berangin'),
(846, 73, 'Koto Cerenti'),
(847, 73, 'Koto Peraku'),
(848, 73, 'Pasar Cerenti'),
(849, 73, 'Pesikaian/Pasikaian'),
(850, 73, 'Pulau Bayur'),
(851, 73, 'Pulau Jambu'),
(852, 73, 'Pulau Panjang Cerenti'),
(853, 73, 'Sikakak'),
(854, 73, 'Tanjung Medan'),
(855, 73, 'Teluk Pauh'),
(856, 74, 'Gunung'),
(857, 74, 'Kampung Baru'),
(858, 74, 'Koto Gunung'),
(859, 74, 'Lubuk Terantang'),
(860, 74, 'Petapahan'),
(861, 74, 'Pisang Berebus'),
(862, 74, 'Pulau Rumput'),
(863, 74, 'Seberang Gunung'),
(864, 74, 'Siberobah'),
(865, 74, 'Teberau Panjang'),
(866, 74, 'Teluk Beringin'),
(867, 74, 'Toar'),
(868, 75, 'Inuman'),
(869, 75, 'Koto Kombu'),
(870, 75, 'Lubuk Ambacang'),
(871, 75, 'Mudik Ulo'),
(872, 75, 'Serosah/Serusa'),
(873, 75, 'Sumpu'),
(874, 75, 'Sungai Alah'),
(875, 75, 'Sungai Kalilawar/Kelelawar'),
(876, 75, 'Sungai Pinang'),
(877, 75, 'Tanjung Medang'),
(878, 75, 'Tanjung'),
(879, 76, 'Banjar Nantigo'),
(880, 76, 'Bedeng Sikuran'),
(881, 76, 'Koto Inuman'),
(882, 76, 'Pasar Inuman'),
(883, 76, 'Pulau Busuk'),
(884, 76, 'Pulau Busuk Jaya'),
(885, 76, 'Pulau Panjang Hilir'),
(886, 76, 'Pulau Panjang Hulu'),
(887, 76, 'Pulau Sipan'),
(888, 76, 'Seberang Pulau Busuk'),
(889, 76, 'Sigaruntang'),
(890, 77, 'Banuaran'),
(891, 77, 'Danau'),
(892, 77, 'Dusun Tuo'),
(893, 77, 'Gunung Melintang'),
(894, 77, 'Kampung Madura'),
(895, 77, 'Kampung Medan'),
(896, 77, 'Kampung Tengah'),
(897, 77, 'Kasang Limau Sundai'),
(898, 77, 'Kepala Pulau'),
(899, 77, 'Koto Rajo'),
(900, 77, 'Koto Tuo (Baserah)'),
(901, 77, 'Lumbok'),
(902, 77, 'Pasar Baru Baserah'),
(903, 77, 'Pasar Usang Baserah'),
(904, 77, 'Pelukahan'),
(905, 77, 'Pengalian'),
(906, 77, 'Pulau Baru'),
(907, 77, 'Pulau Beralo'),
(908, 77, 'Pulau Kijang'),
(909, 77, 'Pulau Kulur'),
(910, 77, 'Pulau Madinah'),
(911, 77, 'Rawang Bonto'),
(912, 77, 'Simpang Tanah Lapang'),
(913, 77, 'Sungai Serik/Sorik'),
(914, 77, 'Tanjung'),
(915, 77, 'Tanjung Pisang'),
(916, 77, 'Teratak Baru'),
(917, 77, 'Teratak Jering'),
(918, 78, 'Air Buluh'),
(919, 78, 'Aur Duri'),
(920, 78, 'Banjar Guntung'),
(921, 78, 'Banjar Padang'),
(922, 78, 'Bukit Kauman'),
(923, 78, 'Bukit Pedusunan'),
(924, 78, 'Ibul'),
(925, 78, 'Kasang'),
(926, 78, 'Kinali'),
(927, 78, 'Koto Cengar'),
(928, 78, 'Koto Lubuk Jambi'),
(929, 78, 'Luai'),
(930, 78, 'Lubuk Jambi'),
(931, 78, 'Lubuk Ramo'),
(932, 78, 'Muara Petai'),
(933, 78, 'Muaro Tobang/Tombang'),
(934, 78, 'Pangkalan'),
(935, 78, 'Pantai'),
(936, 78, 'Pebaun Hilir'),
(937, 78, 'Pebaun Hulu'),
(938, 78, 'Perhentian Sungkai'),
(939, 78, 'Pulau Binjai'),
(940, 78, 'Rantau Sialang'),
(941, 78, 'Saik'),
(942, 78, 'Sangau'),
(943, 78, 'Seberang Cengar'),
(944, 78, 'Seberang Pantai'),
(945, 78, 'Sitiang/Setiang'),
(946, 78, 'Sungai Besar'),
(947, 78, 'Sungai Manau'),
(948, 79, 'Bandar Alai Kari'),
(949, 79, 'Jake'),
(950, 79, 'Jaya'),
(951, 79, 'Kampung Baru Sentajo'),
(952, 79, 'Kobun Naneh'),
(953, 79, 'Kopah'),
(954, 79, 'Koto Kari'),
(955, 79, 'Koto Sentajo'),
(956, 79, 'Koto Tuo'),
(957, 79, 'Muaro Sentajo'),
(958, 79, 'Munsalo'),
(959, 79, 'Pasar Taluk'),
(960, 79, 'Pintu Gobang'),
(961, 79, 'Pulau Aro'),
(962, 79, 'Pulau Baru'),
(963, 79, 'Pulau Godang'),
(964, 79, 'Pulau Kedundung'),
(965, 79, 'Pulau Kopung/Kepung Sentajo'),
(966, 79, 'Seberang Taluk'),
(967, 79, 'Teluk Hilir'),
(968, 79, 'Sitorajo Kari'),
(969, 79, 'Sungai Jering'),
(970, 79, 'Sawah'),
(971, 79, 'Pulau Komang'),
(972, 79, 'Beringin Taluk'),
(973, 79, 'Koto Taluk'),
(974, 79, 'Simpang Tiga'),
(975, 80, 'Giri Sako'),
(976, 80, 'Hulu Teso'),
(977, 80, 'Kuantan Sako'),
(978, 80, 'Logas'),
(979, 80, 'Lubuk Kebun'),
(980, 80, 'Rambahan'),
(981, 80, 'Sako Margosari'),
(982, 80, 'Sikijang'),
(983, 80, 'Situgal'),
(984, 80, 'Sukaraja'),
(985, 80, 'Sungai Rambai'),
(986, 80, 'Teratak Rendah'),
(987, 80, 'Perhentian Luas'),
(988, 81, 'Koto Pangean'),
(989, 81, 'Padang Kunik'),
(990, 81, 'Padang Tanggung'),
(991, 81, 'Pasar Baru Pangean'),
(992, 81, 'Pauh Angit'),
(993, 81, 'Pembatang'),
(994, 81, 'Pulau Deras'),
(995, 81, 'Pulau Kumpai'),
(996, 81, 'Pulau Rengas'),
(997, 81, 'Pulau Tengah'),
(998, 81, 'Rawang Binjai'),
(999, 81, 'Sukaping'),
(1000, 81, 'Tanah Bekali'),
(1001, 81, 'Teluk Pauh'),
(1002, 82, 'Air Mas/Emas'),
(1003, 82, 'Kebun Lado'),
(1004, 82, 'Logas'),
(1006, 82, 'Pangkalan Indarung'),
(1007, 82, 'Pasir Emas'),
(1008, 82, 'Petai Baru'),
(1010, 82, 'Sumber Datar'),
(1011, 82, 'Sungai Bawang'),
(1012, 82, 'Sungai Keranji'),
(1013, 82, 'Sungai Kuning'),
(1014, 82, 'Sungai Sirih'),
(1015, 63, 'Bagan Melibur'),
(1016, 63, 'Bandul'),
(1017, 63, 'Baran Melintang'),
(1018, 63, 'Centai'),
(1019, 63, 'Dedap'),
(1020, 63, 'Kuala Merbau'),
(1021, 63, 'Kudap'),
(1022, 63, 'Lukit'),
(1023, 63, 'Mekar Sari'),
(1024, 63, 'Mengkirau'),
(1025, 63, 'Mengkopot'),
(1026, 63, 'Meranti Bunting'),
(1027, 63, 'Pelantai'),
(1028, 63, 'Renak Dungun'),
(1029, 63, 'Selat Akar'),
(1030, 63, 'Semukut'),
(1031, 63, 'Tanjung Bunga'),
(1032, 63, 'Tanjung Kulim'),
(1033, 63, 'Tanjung Padang'),
(1034, 63, 'Teluk Belitung'),
(1035, 63, 'Teluk Ketapang'),
(1036, 65, 'Beting'),
(1037, 65, 'Bungur'),
(1038, 65, 'Gemala Sari'),
(1039, 65, 'Penyagun'),
(1040, 65, 'Repan'),
(1041, 65, 'Sokop'),
(1042, 65, 'Sunai Gayung Kiri'),
(1043, 65, 'Tanjung Bakau'),
(1044, 65, 'Tanjung Kedabu'),
(1045, 65, 'Tanjung Medang'),
(1046, 65, 'Tanjung Samak'),
(1047, 65, 'Teluk Samak'),
(1048, 65, 'Topang'),
(1049, 66, 'Anak Setatah'),
(1050, 66, 'Bantar'),
(1051, 66, 'Bina Maju'),
(1052, 66, 'Bokor'),
(1053, 66, 'Kayu Ara'),
(1054, 66, 'Kedabu Rapat'),
(1055, 66, 'Lemang'),
(1056, 66, 'Melai'),
(1057, 66, 'Segomeng'),
(1058, 66, 'Sendaur'),
(1059, 66, 'Sialang Pasung'),
(1060, 66, 'Sonde'),
(1061, 66, 'Sungai Cina'),
(1062, 66, 'Tanah Merah'),
(1063, 66, 'Telaga Baru'),
(1064, 67, 'Alah Air'),
(1065, 67, 'Alah Air Timur'),
(1066, 67, 'Banglas'),
(1067, 67, 'Banglas Barat'),
(1068, 67, 'Kapau Baru'),
(1069, 67, 'Lukun'),
(1070, 67, 'Nipah Sendanu'),
(1071, 67, 'Selat Panjang Barat'),
(1072, 67, 'Selat Panjang Kota'),
(1073, 67, 'Selat Panjang Selatan'),
(1074, 67, 'Selat Panjang Timur'),
(1075, 67, 'Sesap'),
(1076, 67, 'Sungai Tohor'),
(1077, 67, 'Tanjung Gadai'),
(1078, 67, 'Tanjung Sari'),
(1079, 67, 'Teluk Buntal'),
(1080, 71, 'Alai'),
(1081, 71, 'Batang Malas'),
(1082, 71, 'Insit'),
(1083, 71, 'Kundur'),
(1084, 71, 'Mekong'),
(1085, 71, 'Tanjung'),
(1086, 71, 'Tanjung Peranap'),
(1087, 71, 'Tenan'),
(1088, 145, 'Tangkerang Labuai'),
(1089, 145, 'Dirgantara'),
(1090, 145, 'Simpang Tiga'),
(1091, 145, 'Tebingtinggi'),
(1092, 145, 'Tangkerang Selatan'),
(1093, 145, 'Tangkerang Utara'),
(1094, 146, 'Rintis'),
(1095, 146, 'Sekip'),
(1096, 146, 'Tanjung Rhu'),
(1097, 146, 'Pesisir'),
(1098, 147, 'Maharatu'),
(1099, 147, 'Sidomulyo Timur'),
(1100, 147, 'Wonorejo'),
(1101, 147, 'Tangkerang Barat'),
(1102, 147, 'Tangkerang Tengah'),
(1103, 148, 'Air Hitam'),
(1104, 148, 'Labuh Baru Barat'),
(1105, 148, 'Labuh Baru Timur'),
(1106, 148, 'Tampan'),
(1107, 149, 'Suka Ramai'),
(1108, 149, 'Suma Hilang'),
(1109, 149, 'Kota Tinggi'),
(1110, 149, 'Kota Baru'),
(1111, 149, 'Tanah Datar'),
(1112, 149, 'Simpang Empat'),
(1113, 150, 'Sri Meranti'),
(1114, 150, 'Palas'),
(1115, 150, 'Rumbai Bukit'),
(1116, 150, 'Umban Sari'),
(1117, 150, 'Muara Fajar'),
(1118, 151, 'Limbungan'),
(1119, 151, 'Limbungan Baru'),
(1120, 151, 'Lembah Sari'),
(1121, 151, 'Lembah Damai'),
(1122, 151, 'Meranti Pandak'),
(1123, 151, 'Tebing Tinggi Okura'),
(1124, 152, 'Cinta Raja'),
(1125, 152, 'Suka Maju'),
(1126, 152, 'Suka Mulia (Sukamulya)'),
(1127, 153, 'Sago'),
(1128, 153, 'Kampung Dalam'),
(1129, 153, 'Kampung Bandar'),
(1130, 153, 'Kampung Baru'),
(1131, 153, 'Padang Terubuk'),
(1132, 153, 'Padang Bulan'),
(1133, 154, 'Sukajadi'),
(1134, 154, 'Harjosari'),
(1135, 154, 'Kedungsari'),
(1136, 154, 'Kampung Melayu'),
(1137, 154, 'Jadirejo'),
(1138, 154, 'Pulau Karam'),
(1139, 154, 'Kampung Tengah'),
(1140, 155, 'Delima'),
(1141, 155, 'Tuah Karya'),
(1142, 155, 'Simpang Baru'),
(1143, 155, 'Sidomulyo Barat'),
(1144, 156, 'Rejosari'),
(1145, 156, 'Sail'),
(1146, 156, 'Kulim'),
(1147, 156, 'Tangkerang Timur'),
(1148, 84, 'Angkasa'),
(1149, 84, 'Lubuk Keranji'),
(1150, 84, 'Lubuk Raja'),
(1151, 84, 'Lubuk Terap'),
(1152, 84, 'Pompa Air'),
(1153, 84, 'Sialang Godang'),
(1154, 84, 'Tambun'),
(1155, 84, 'Terbangiang'),
(1156, 85, 'Kiab Jaya'),
(1157, 85, 'Lubuk Ogung'),
(1158, 85, 'Muda Setia'),
(1159, 85, 'Sei Kijang'),
(1160, 85, 'Simpang Beringin'),
(1161, 86, 'Bagan Laguh'),
(1162, 86, 'Balam Merah'),
(1163, 86, 'Lubuk Mandian Gajah'),
(1164, 86, 'Lubuk Mas'),
(1165, 86, 'Merbau'),
(1166, 86, 'Pangkalan Bunut'),
(1167, 86, 'Petani'),
(1168, 86, 'Sungai Buluh'),
(1169, 87, 'Banjar Panjang'),
(1170, 87, 'Beringin Makmur'),
(1171, 87, 'Bukit Lembah Subur'),
(1172, 87, 'Kerumutan'),
(1173, 87, 'Pangkalan Panduk'),
(1174, 87, 'Pangkalan Tampoi/Tampui'),
(1175, 87, 'Pematang Tinggi'),
(1176, 87, 'Tanjung Air Hitam'),
(1177, 88, 'Serapung'),
(1178, 88, 'Sokoi'),
(1179, 88, 'Sungai Mas'),
(1180, 88, 'Sungai Solok'),
(1181, 88, 'Sungai Upih'),
(1182, 88, 'Tanjung Sum'),
(1183, 88, 'Teluk'),
(1184, 88, 'Teluk Beringin'),
(1185, 88, 'Teluk Dalam'),
(1186, 89, 'Bakung'),
(1187, 89, 'Gondai'),
(1188, 89, 'Langgam'),
(1189, 89, 'Langkan'),
(1190, 89, 'Padang Luas'),
(1191, 89, 'Pangkalan Gondai'),
(1192, 89, 'Penarikan'),
(1193, 89, 'Segati'),
(1194, 89, 'Sotol'),
(1195, 89, 'Tambak'),
(1196, 90, 'Bukit Agung'),
(1197, 90, 'Kuala Terusan'),
(1198, 90, 'Makmur'),
(1199, 90, 'Pangkalan Kerinci Barat'),
(1200, 90, 'Pangkalan Kerinci Kota'),
(1201, 90, 'Pangkalan Kerinci Timur'),
(1202, 90, 'Rantau Baru'),
(1203, 91, 'Batang Kulim'),
(1204, 91, 'Beringin Indah'),
(1205, 91, 'Betung'),
(1206, 91, 'Dundangan'),
(1207, 91, 'Harapan Jaya'),
(1208, 91, 'Kemang'),
(1209, 91, 'Kesuma'),
(1210, 91, 'Meranti'),
(1211, 91, 'Palas'),
(1212, 91, 'Sialang Indah'),
(1213, 91, 'Sorek Dua'),
(1214, 91, 'Sorek Satu'),
(1215, 91, 'Surya Indah'),
(1216, 91, 'Talau'),
(1217, 91, 'Tanjung Beringin'),
(1218, 91, 'Terantang Manuk'),
(1219, 92, 'Dusun Tua'),
(1220, 92, 'Genduang'),
(1221, 92, 'Mayang Sari'),
(1222, 92, 'Mulia Subur'),
(1223, 92, 'Pangkalan Lesung'),
(1224, 92, 'Pesaguan'),
(1225, 92, 'Rawang Sari'),
(1226, 92, 'Sari Makmur'),
(1227, 92, 'Sari Mulia'),
(1228, 92, 'Tanjung Kuyo'),
(1229, 93, 'Batang Nilo Kecil'),
(1230, 93, 'Delik'),
(1231, 93, 'Kuala Tolam'),
(1232, 93, 'Lalang Kabung'),
(1233, 93, 'Pelalawan'),
(1234, 93, 'Ransang'),
(1235, 93, 'Sering'),
(1236, 93, 'Sungai Ara'),
(1237, 93, 'Telayap'),
(1238, 94, 'Gambut Mutiara'),
(1239, 94, 'Kuala Panduk'),
(1240, 94, 'Labuhan Bilik'),
(1241, 94, 'Pangkalan Terap'),
(1242, 94, 'Petodaan'),
(1243, 94, 'Pulau Muda'),
(1244, 94, 'Segamai'),
(1245, 94, 'Teluk Binjai'),
(1246, 94, 'Teluk Meranti'),
(1247, 95, 'Air Emas'),
(1248, 95, 'Air Hitam'),
(1249, 95, 'Bukit Gajah'),
(1250, 95, 'Bukit Jaya'),
(1251, 95, 'Kampung Baru'),
(1252, 95, 'Lubuk Kembang Bunga'),
(1253, 95, 'Lubuk Kembang Sari'),
(1254, 95, 'Silikuan Hulu'),
(1255, 95, 'Tri Mulya Jaya'),
(1256, 95, 'Ukui I (Satu)'),
(1257, 95, 'Ukui II (Dua)'),
(1258, 96, 'Bagan Batu'),
(1259, 96, 'Bagan Bhakti/Bakti'),
(1260, 96, 'Bagan Manunggal'),
(1261, 96, 'Bagan Sapta Parmai'),
(1262, 96, 'Bagan Sinembah'),
(1263, 96, 'Bagan Sinembah Barat'),
(1264, 96, 'Bahtera Makmur'),
(1265, 96, 'Bakti Makmur'),
(1266, 96, 'Balai Jaya'),
(1267, 96, 'Balam Sempurna'),
(1268, 96, 'Gelora'),
(1269, 96, 'Harapan Makmur'),
(1270, 96, 'Kencana'),
(1271, 96, 'Lubuk Jawi'),
(1272, 96, 'Panca Mukti'),
(1273, 96, 'Pasir Putih'),
(1274, 96, 'Pelita'),
(1275, 96, 'Salak'),
(1276, 96, 'Suka Maju'),
(1277, 97, 'Bagan Kota'),
(1278, 97, 'Bagan Barat'),
(1279, 97, 'Bagan Jawa'),
(1280, 97, 'Labuhan Tangga Baru'),
(1281, 97, 'Labuhan Tangga Besar'),
(1282, 97, 'Labuhan Tangga Kecil'),
(1283, 97, 'Parit Aman'),
(1284, 97, 'Pedamaran'),
(1285, 97, 'Pekaitan'),
(1286, 97, 'Rokan Baru'),
(1287, 97, 'Sungai Besar'),
(1288, 97, 'Suak Air Hitam'),
(1289, 97, 'Suak Temenggung'),
(1290, 97, 'Teluk Bano II'),
(1291, 97, 'Bagan Hulu'),
(1292, 97, 'Bagan Punak'),
(1293, 97, 'Bagan Timur'),
(1294, 98, 'Pusako'),
(1295, 98, 'Bangko Bakti'),
(1296, 98, 'Bangko Jaya'),
(1297, 98, 'Bangko Kanan'),
(1298, 98, 'Bangko Kiri'),
(1299, 98, 'Bangko Makmur'),
(1300, 98, 'Bangko Permata'),
(1301, 98, 'Bangko Sempurna'),
(1302, 98, 'Pematang Damar'),
(1303, 98, 'Pematang Ibul'),
(1304, 98, 'Sungai Menasib'),
(1305, 98, 'Teluk Bano I'),
(1306, 99, 'Bantaian'),
(1307, 99, 'Bantaian Baru'),
(1308, 99, 'Bantaian Hilir'),
(1309, 99, 'Sungai Sialang'),
(1310, 99, 'Sungai Sialang Hulu'),
(1311, 100, 'Jojol'),
(1312, 100, 'Pulau Halang'),
(1313, 100, 'Pulau Halang Belakang'),
(1314, 100, 'Pulau Halang Muka'),
(1315, 100, 'Rantau Panjang Kanan'),
(1316, 100, 'Rantau Panjang Kiri'),
(1317, 100, 'Sungai Kubu'),
(1318, 100, 'Sungai Majo'),
(1319, 100, 'Sungai Panji Panji'),
(1320, 100, 'Sungai Pinang'),
(1321, 100, 'Sungai Sigajah/Segajah Makmur'),
(1322, 100, 'Tanjung Leban'),
(1323, 100, 'Teluk Merbau'),
(1324, 100, 'Teluk Nilap'),
(1325, 100, 'Teluk Piyai'),
(1326, 101, 'Panipahan'),
(1327, 101, 'Panipahan Darat'),
(1328, 101, 'Panipahan Laut'),
(1329, 101, 'Pasir Limau Kapas'),
(1330, 101, 'Sungai Daun'),
(1331, 101, 'Teluk Pulai'),
(1332, 102, 'Air Hitam'),
(1333, 102, 'Kasang Bangsawan'),
(1334, 102, 'Pujud'),
(1335, 102, 'Siarang Arang'),
(1336, 102, 'Sri Kayangan'),
(1337, 102, 'Suka Jadi'),
(1338, 102, 'Sungai Pinang'),
(1339, 102, 'Tanjung Medan'),
(1340, 102, 'Tanjung Sari'),
(1341, 102, 'Teluk Nayang'),
(1342, 103, 'Bagan Cempedak'),
(1343, 103, 'Rantau Kopar'),
(1344, 103, 'Sungai Rangau'),
(1345, 103, 'Sekapas'),
(1346, 104, 'Jumrah'),
(1347, 104, 'Karya Mukti'),
(1348, 104, 'Langgadai Hilir'),
(1349, 104, 'Langgadai Hulu'),
(1350, 104, 'Mukti Jaya'),
(1351, 104, 'Rimba Melintang'),
(1352, 104, 'Teluk Pulau Hilir'),
(1353, 104, 'Teluk Pulau Hulu'),
(1354, 105, 'Bagan Nibung'),
(1355, 105, 'Bukit Damar'),
(1356, 105, 'Bukit Mas'),
(1357, 105, 'Kota Parit'),
(1358, 105, 'Simpang Kanan'),
(1359, 105, 'Tanjung Selamat'),
(1360, 106, 'Raja Bejamu'),
(1361, 106, 'Sungai Bakau'),
(1362, 106, 'Sinaboi'),
(1363, 106, 'Sungai Nyamuk'),
(1364, 107, 'Banjar XII'),
(1365, 107, 'Mumugo'),
(1366, 107, 'Putat'),
(1367, 107, 'Rantau Bais'),
(1368, 107, 'Sedinginan'),
(1369, 107, 'Sekeladi'),
(1370, 107, 'Sintong'),
(1371, 107, 'Teluk Berembun'),
(1372, 107, 'Teluk Mega'),
(1373, 107, 'Ujung Tanjung'),
(1374, 108, 'Batu Hampar'),
(1375, 108, 'Melayu Besar'),
(1376, 108, 'Melayu Tengah'),
(1377, 108, 'Mesah'),
(1378, 109, 'Bangun Purba'),
(1379, 109, 'Bangun Purba Barat'),
(1380, 109, 'Bangun Purba Timur Jaya'),
(1381, 109, 'Pasir Agung'),
(1382, 109, 'Pasir Intan'),
(1383, 109, 'Rambah Jaya'),
(1384, 109, 'Tangun'),
(1385, 110, 'Bonai'),
(1386, 110, 'Kasang Mungai'),
(1387, 110, 'Kasang Padang'),
(1388, 110, 'Pauh'),
(1389, 110, 'Rawa Makmur'),
(1390, 110, 'Sontang'),
(1391, 110, 'Teluk Sono'),
(1392, 111, 'Aliantan'),
(1393, 111, 'Batu Langkah Besar'),
(1394, 111, 'Bencah/Boncah Kesuma'),
(1395, 111, 'Giti'),
(1396, 111, 'Kabun'),
(1397, 111, 'Koto Ranah'),
(1398, 112, 'Kepenuhan Barat'),
(1399, 112, 'Kepenuhan Barat Sei Rokan Jaya'),
(1400, 112, 'Kepenuhan Baru'),
(1401, 112, 'Kepenuhan Hilir'),
(1402, 112, 'Kepenuhan Kota'),
(1403, 112, 'Kepenuhan Raya'),
(1404, 112, 'Kepenuhan Suka'),
(1405, 112, 'Kepenuhan Tengah'),
(1406, 112, 'Kepenuhan Timur'),
(1407, 112, 'Koto Tengah'),
(1408, 112, 'Rantau Binuang Sakti'),
(1409, 112, 'Ulak Patian'),
(1410, 113, 'Kepayan'),
(1411, 113, 'Kepenuhan Hulu'),
(1412, 113, 'Kepenuhan Jaya'),
(1413, 113, 'Muara Jaya'),
(1414, 113, 'Pekan Tebih'),
(1415, 114, 'Bagan Tujuh'),
(1416, 114, 'Bukit Intan Makmur'),
(1417, 114, 'Intan Jaya'),
(1418, 114, 'Kota Baru'),
(1419, 114, 'Kota Lama'),
(1420, 114, 'Kota Lama Barat'),
(1421, 114, 'Kota Raya'),
(1422, 114, 'Muara Dilam'),
(1423, 114, 'Muara Intan'),
(1424, 114, 'Pasir Indah'),
(1425, 114, 'Pasir Luhur'),
(1426, 114, 'Sungai Kuti'),
(1427, 114, 'Tanah Datar'),
(1428, 115, 'Kembang Damai'),
(1429, 115, 'Rimba Jaya'),
(1430, 115, 'Rimba Makmur'),
(1431, 115, 'Sangkir Indah'),
(1432, 116, 'Air Panas'),
(1433, 116, 'Bengkolan Salak'),
(1434, 116, 'Pendalian'),
(1435, 116, 'Suligi'),
(1436, 117, 'Babussalam'),
(1437, 117, 'Menaming'),
(1438, 117, 'Pasir Baru'),
(1439, 117, 'Pasir Maju'),
(1440, 117, 'Pasir Pengarayan'),
(1441, 117, 'Pematang Berangan'),
(1442, 117, 'Rambah Tengah Barat'),
(1443, 117, 'Rambah Tengah Hilir'),
(1444, 117, 'Rambah Tengah Hulu'),
(1445, 117, 'Rambah Tengah Utara'),
(1446, 117, 'Sialang Jaya'),
(1447, 117, 'Suka Maju'),
(1448, 117, 'Tanjung Belit'),
(1449, 118, 'Lubuk Krapat/Kerapat'),
(1450, 118, 'Muara Musu'),
(1451, 118, 'Pasir Jaya'),
(1452, 118, 'Pasir Utama'),
(1453, 118, 'Rambah'),
(1454, 118, 'Rambah Hilir'),
(1455, 118, 'Rambah Hilir Tengah'),
(1456, 118, 'Rambah Hilir Timur'),
(1457, 118, 'Rambah Muda'),
(1458, 118, 'Sejati'),
(1459, 118, 'Serambau Indah'),
(1460, 118, 'Sungai Dua Indah'),
(1461, 118, 'Sungai Sitolang'),
(1462, 119, 'Karya Mulya'),
(1463, 119, 'Langkitin'),
(1464, 119, 'Lubuk Bilang'),
(1465, 119, 'Lubuk Napal'),
(1466, 119, 'Marga Mulya'),
(1467, 119, 'Masda Makmur'),
(1468, 119, 'Pasir Makmur'),
(1469, 119, 'Rambah Baru'),
(1470, 119, 'Rambah Samo'),
(1471, 119, 'Rambah Samo Barat'),
(1472, 119, 'Rambah Utama'),
(1473, 119, 'Sei Kuning'),
(1474, 119, 'Sei Salak'),
(1475, 119, 'Teluk Aur'),
(1476, 120, 'Alahan'),
(1477, 120, 'Cipang Kanan'),
(1478, 120, 'Cipang Kiri Hilir'),
(1479, 120, 'Cipang Kiri Hulu'),
(1480, 120, 'Lubuk Bendahara'),
(1481, 120, 'Lubuk Bendahara Timur'),
(1482, 120, 'Lubuk Betung'),
(1483, 120, 'Pemandang'),
(1484, 120, 'Rokan'),
(1485, 120, 'Rokan Koto Ruang'),
(1486, 120, 'Rokan Timur'),
(1487, 120, 'Sikebau Jaya'),
(1488, 120, 'Tanjung Medan'),
(1489, 120, 'Tibawan'),
(1490, 121, 'Batang Kumu'),
(1491, 121, 'Batas'),
(1492, 121, 'Rantau Panjang'),
(1493, 121, 'Sialang Rindang'),
(1494, 121, 'Suka Maju'),
(1495, 121, 'Sungai Kumango'),
(1496, 121, 'Tali Kumain'),
(1497, 121, 'Tambusai Barat'),
(1498, 121, 'Tambusai Tengah'),
(1499, 121, 'Tambusai Timur'),
(1500, 122, 'Bangun Jaya'),
(1501, 122, 'Mahato'),
(1502, 122, 'Mahato Hulu'),
(1503, 122, 'Mahato Sakti'),
(1504, 122, 'Mahato Tengah'),
(1505, 122, 'Mahato Utara'),
(1506, 122, 'Mekar Jaya'),
(1507, 122, 'Pagar Mayang'),
(1508, 122, 'Payung Sekaki'),
(1509, 122, 'Rantau Sakti'),
(1510, 122, 'Simpang Harapan'),
(1511, 122, 'Suka Damai'),
(1512, 122, 'Tambusai Utara'),
(1513, 122, 'Tanjung Medan'),
(1514, 123, 'Bono Tapung'),
(1515, 123, 'Dayo'),
(1516, 123, 'Koto Tandun'),
(1517, 123, 'Kumain'),
(1518, 123, 'Puo Raya'),
(1519, 123, 'Sungai Kuning'),
(1520, 123, 'Tandun'),
(1521, 123, 'Tandun Barat'),
(1522, 123, 'Tapung Jaya'),
(1523, 125, 'Buantan Lestari'),
(1524, 125, 'Bunga Raya'),
(1525, 125, 'Jati Baru'),
(1526, 125, 'Jaya Pura'),
(1527, 125, 'Kemuning Muda'),
(1528, 125, 'Langsat Permai'),
(1529, 125, 'Tuah Indrapura'),
(1530, 126, 'Banjar Seminai'),
(1531, 126, 'Berumbung Baru (Tilan)'),
(1532, 126, 'Buana Makmur'),
(1533, 126, 'Lubuk Tilan'),
(1534, 126, 'Merangkai'),
(1535, 126, 'Pangkalan Makmur'),
(1536, 126, 'Sawit Permai'),
(1537, 126, 'Sialang Sakti'),
(1538, 126, 'Suka Mulia'),
(1539, 126, 'Teluk Merbau'),
(1540, 127, 'Belutu'),
(1541, 127, 'Kandis'),
(1542, 127, 'Kandis Kota'),
(1543, 127, 'Sam Sam'),
(1544, 128, 'Buana Bakti'),
(1545, 128, 'Buatan Baru'),
(1546, 128, 'Bukit Agung'),
(1547, 128, 'Bukit Harapan'),
(1548, 128, 'Delima Jaya'),
(1549, 128, 'Gabung Makmur'),
(1550, 128, 'Jati Mulia'),
(1551, 128, 'Kerinci Kanan'),
(1552, 128, 'Kerinci Kiri'),
(1553, 128, 'Kumbara Utama'),
(1554, 128, 'Seminai'),
(1555, 128, 'Simpang Perak Jaya'),
(1556, 129, 'Buatan I'),
(1557, 129, 'Buatan II'),
(1558, 129, 'Empang Pandan'),
(1559, 129, 'Keranji Guguh'),
(1560, 129, 'Kuala Gasib'),
(1561, 129, 'Pangkalan Pisang'),
(1562, 129, 'Rantau Panjang'),
(1563, 129, 'Sengkemang'),
(1564, 129, 'Teluk Rimba'),
(1565, 130, 'Empang Baru'),
(1566, 130, 'Lubuk Dalam'),
(1567, 130, 'Rawang Kao'),
(1568, 130, 'Sialang Baru'),
(1569, 130, 'Sialang Palas'),
(1570, 130, 'Sri Gading'),
(1571, 131, 'Benteng Hilir'),
(1572, 131, 'Benteng Hulu'),
(1573, 131, 'Kampung Tengah'),
(1574, 131, 'Kota Ringin'),
(1575, 131, 'Merempan Hilir'),
(1576, 131, 'Paluh'),
(1577, 131, 'Sungai Mempura'),
(1578, 132, 'Mandi Angin'),
(1579, 132, 'Minas Barat'),
(1580, 132, 'Minas Jaya'),
(1581, 132, 'Minas Timur'),
(1582, 132, 'Rantau Bertuah'),
(1583, 133, 'Benayah'),
(1584, 133, 'Dosan'),
(1585, 133, 'Dusun Pusaka'),
(1586, 133, 'Pebadaran'),
(1587, 133, 'Perincit'),
(1588, 133, 'Sungai Berbari'),
(1589, 133, 'Sungai Limau'),
(1590, 134, 'Bandar Sungai'),
(1591, 134, 'Belading'),
(1592, 134, 'Laksamana'),
(1593, 134, 'Rempak'),
(1594, 134, 'Sungai Tengah'),
(1595, 135, 'Buantan Besar'),
(1596, 135, 'Kampung Dalam'),
(1597, 135, 'Kampung Rempak'),
(1598, 135, 'Langkai'),
(1599, 135, 'Merempan Hulu'),
(1600, 135, 'Rawang Air Putih'),
(1601, 135, 'Suak Lanjut'),
(1602, 135, 'Tumang'),
(1603, 136, 'Bunsur'),
(1604, 136, 'Harapan'),
(1605, 136, 'Lalang'),
(1606, 136, 'Mengkapan'),
(1607, 136, 'Parit I/II'),
(1608, 136, 'Penyengat'),
(1609, 136, 'Sungai Apit'),
(1610, 136, 'Sungai Kayu Ara'),
(1611, 136, 'Sungai Rawa'),
(1612, 136, 'Tanjung Kuras'),
(1613, 136, 'Teluk Batil'),
(1614, 136, 'Teluk Lanus'),
(1615, 136, 'Teluk Mesjid'),
(1616, 137, 'Bencah Umbai'),
(1617, 137, 'Lubuk Jering'),
(1618, 137, 'Lubuk Umbut'),
(1619, 137, 'Muara Bungkal'),
(1620, 137, 'Muara Kelantan'),
(1621, 137, 'Olak'),
(1622, 137, 'Sungai Lodang'),
(1623, 137, 'Tasik Betung'),
(1624, 137, 'Teluk Lancang'),
(1625, 138, 'Meredan'),
(1626, 138, 'Meredan Barat'),
(1627, 138, 'Perawang'),
(1628, 138, 'Pinang Sebatang'),
(1629, 138, 'Pinang Sebatang Barat'),
(1630, 138, 'Pinang Sebatang Timur'),
(1631, 138, 'Tualang');

-- --------------------------------------------------------

--
-- Table structure for table `jenis_izin`
--

CREATE TABLE `jenis_izin` (
  `id_izin` int(11) NOT NULL,
  `jenis_izin` varchar(60) NOT NULL
) ENGINE=InnoDB DEFAULT CHARSET=latin1;

--
-- Dumping data for table `jenis_izin`
--

INSERT INTO `jenis_izin` (`id_izin`, `jenis_izin`) VALUES
(1, 'Pencadangan Wilayah'),
(2, 'Operasi Produksi'),
(3, 'Eksplorasi'),
(4, 'Operasi Khusus Pemurnian & Pengolahan');

-- --------------------------------------------------------

--
-- Table structure for table `kabupaten`
--

CREATE TABLE `kabupaten` (
  `id_kabupaten` int(11) NOT NULL,
  `nama` varchar(40) NOT NULL,
  `tarif` float NOT NULL,
  `id` int(11) NOT NULL
) ENGINE=InnoDB DEFAULT CHARSET=latin1;

--
-- Dumping data for table `kabupaten`
--

INSERT INTO `kabupaten` (`id_kabupaten`, `nama`, `tarif`, `id`) VALUES
(1, 'Bengkalis', 0.25, 4),
(2, 'Indragiri Hulu', 0.05, 8),
(3, 'Indragiri Hilir', 0.25, 8),
(4, 'Kampar', 0.25, 2),
(5, 'Meranti', 0.25, 5),
(6, 'Kuantan Singingi', 0.25, 7),
(7, 'Pelalawan', 0.25, 6),
(8, 'Rokan Hilir', 0, 4),
(9, 'Rokan Hulu', 0.2, 3),
(10, 'Siak', 0, 6),
(11, 'Dumai', 0.2, 4),
(12, 'Pekanbaru', 0.2, 0);

-- --------------------------------------------------------

--
-- Table structure for table `kecamatan`
--

CREATE TABLE `kecamatan` (
  `id_kecamatan` int(11) NOT NULL,
  `id_kabupaten` int(11) NOT NULL,
  `kecamatan` varchar(40) NOT NULL
) ENGINE=InnoDB DEFAULT CHARSET=latin1;

--
-- Dumping data for table `kecamatan`
--

INSERT INTO `kecamatan` (`id_kecamatan`, `id_kabupaten`, `kecamatan`) VALUES
(1, 1, 'Bengkalis '),
(2, 1, 'Bantan'),
(3, 1, 'Bukit Batu'),
(4, 1, 'Mandau'),
(5, 1, 'Rupat'),
(6, 1, 'Rupat Utara'),
(7, 1, 'Siak Kecil'),
(8, 1, 'Pinggir'),
(9, 3, 'Batang Tuaka'),
(10, 3, 'Concong'),
(11, 3, 'Gaung'),
(12, 3, 'Gaung Anak Serka'),
(13, 3, 'Kateman'),
(14, 3, 'Kempas'),
(15, 3, 'Keritang'),
(16, 3, 'Kuala Indragiri'),
(17, 3, 'Mandah'),
(18, 3, 'Pelangiran'),
(19, 3, 'Pulau Burung'),
(20, 3, 'Tanah Merah'),
(21, 3, 'Teluk Balengkong'),
(22, 3, 'Tembilahan'),
(23, 3, 'Tembilahan Hulu'),
(24, 3, 'Tempuling'),
(25, 2, 'Batang Cenaku'),
(26, 2, 'Batang Gansal'),
(27, 2, 'Batang Peranap'),
(28, 2, 'Kelayang'),
(29, 2, 'Kuala Cenaku'),
(30, 2, 'Lirik'),
(31, 2, 'Lubuk Batu Jaya'),
(32, 2, 'Pasir Penyu'),
(33, 2, 'Peranap'),
(34, 2, 'Rakit Kulim'),
(35, 2, 'Rengat'),
(36, 2, 'Rengat Barat'),
(37, 2, 'Seberida'),
(38, 2, 'Sungai Lala'),
(39, 4, 'Bangkinang'),
(40, 4, 'Bangkinang Barat'),
(41, 4, 'Bangkinang Seberang'),
(42, 4, 'Gunung Sahilan'),
(43, 4, 'Kampar'),
(44, 4, 'Kampar Kiri'),
(49, 4, 'Kampar Kiri Hilir'),
(50, 4, 'Kampar Kiri Hulu'),
(51, 4, 'Kampar Kiri Tengah'),
(52, 4, 'Kampar Timur'),
(53, 4, 'Kampar Utara'),
(54, 4, 'Perhentian Raja'),
(55, 4, 'Rumbio Jaya'),
(56, 4, 'Salo'),
(57, 4, 'Siak Hulu'),
(58, 4, 'Tambang'),
(59, 4, 'Tapung'),
(60, 4, 'Tapung Hilir'),
(61, 4, 'Tapung Hulu'),
(62, 4, 'XIII Koto Kampar'),
(63, 5, 'Merbau'),
(65, 5, 'Rangsang'),
(66, 5, 'Rangsang Barat'),
(67, 5, 'Tebing Tinggi'),
(71, 5, 'Tebing Tinggi Barat'),
(72, 6, 'Benai'),
(73, 6, 'Cerenti'),
(74, 6, 'Gunung Toar'),
(75, 6, 'Hulu Kuantan'),
(76, 6, 'Inuman'),
(77, 6, 'Kuantan Hilir'),
(78, 6, 'Kuantan Mudik'),
(79, 6, 'Kuantan Tengah'),
(80, 6, 'Logas Tanah Darat'),
(81, 6, 'Pangean'),
(82, 6, 'Singingi'),
(83, 6, 'Singingi Hilir'),
(84, 7, 'Bandar Petalangan'),
(85, 7, 'Bandar Sei Kijang'),
(86, 7, 'Bunut'),
(87, 7, 'Kerumutan'),
(88, 7, 'Kuala Kampar'),
(89, 7, 'Langgam'),
(90, 7, 'Pangkalan Kerinci'),
(91, 7, 'Pangkalan Kuras'),
(92, 7, 'Pangkalan Lesung'),
(93, 7, 'Pelalawan'),
(94, 7, 'Teluk Meranti'),
(95, 7, 'Ukui'),
(96, 8, 'Bagan Sinembah'),
(97, 8, 'Bangko'),
(98, 8, 'Pusako'),
(99, 8, 'Batu Hampar'),
(100, 8, 'Kubu'),
(101, 8, 'Pasir Limau Kapas'),
(102, 8, 'Pujud'),
(103, 8, 'Rantau Kopar'),
(104, 8, 'Rimba Melintang'),
(105, 8, 'Simpang Kanan'),
(106, 8, 'Sinaboi'),
(107, 8, 'Tanah Putih'),
(108, 8, 'Tanah Putih Tanjung Melawan'),
(109, 9, 'Bangun Purba'),
(110, 9, 'Bonai Darussalam'),
(111, 9, 'Kabun'),
(112, 9, 'Kepenuhan'),
(113, 9, 'Kepenuhan Hulu'),
(114, 9, 'Kunto Darussalam'),
(115, 9, ' Pagaran Tapah Darussalam'),
(116, 9, 'Pendalian V Koto'),
(117, 9, 'Rambah'),
(118, 9, 'Rambah Hilir'),
(119, 9, 'Rambah Samo'),
(120, 9, 'Rokan IV Koto'),
(121, 9, 'Tambusai'),
(122, 9, 'Tambusai Utara'),
(123, 9, 'Tandun'),
(124, 9, 'Ujung Batu'),
(125, 10, 'Bunga Raya'),
(126, 10, 'Dayun'),
(127, 10, 'Kandis'),
(128, 10, 'Kerinci Kanan'),
(129, 10, 'Koto Gasip'),
(130, 10, 'Lubuk Dalam'),
(131, 10, 'Mempura'),
(132, 10, 'Minas'),
(133, 10, 'Pusako'),
(134, 10, 'Sabak Auh'),
(135, 10, 'Siak'),
(136, 10, 'Sungai Apit'),
(137, 10, 'Sungai Mandau'),
(138, 10, 'Tualang'),
(139, 11, 'Bukit Kapur'),
(140, 11, 'Dumai Barat'),
(141, 11, 'Dumai Timur'),
(142, 11, 'Medang Kampai'),
(143, 11, 'Sungai Sembilan'),
(145, 12, 'Bukit Raya'),
(146, 12, 'Lima Puluh'),
(147, 12, 'Marpoyan Damai'),
(148, 12, 'Payung Sekaki'),
(149, 12, 'Pekanbaru Kota'),
(150, 12, 'Rumbai'),
(151, 12, 'Rumbai Pesisir'),
(152, 12, 'Sail'),
(153, 12, 'Senapelan'),
(154, 12, 'Sukajadi'),
(155, 12, 'Tampan'),
(156, 12, 'Tenayan Raya'),
(157, 3, 'Enok'),
(158, 3, 'Kemuning'),
(159, 3, 'Reteh'),
(160, 3, 'Sungai Batang');

-- --------------------------------------------------------

--
-- Table structure for table `komoditas`
--

CREATE TABLE `komoditas` (
  `id_komoditas` int(11) NOT NULL,
  `komoditas` varchar(60) NOT NULL,
  `harga` int(11) NOT NULL,
  `id_kabupaten` int(11) NOT NULL
) ENGINE=InnoDB DEFAULT CHARSET=latin1;

--
-- Dumping data for table `komoditas`
--

INSERT INTO `komoditas` (`id_komoditas`, `komoditas`, `harga`, `id_kabupaten`) VALUES
(1, 'Granit / Andesit', 50000, 1),
(2, 'Pasir Laut', 30000, 1),
(3, 'Kerikil', 50000, 1),
(4, 'Tanah Liat ', 20000, 1),
(5, 'Tanah Urug/Tanah Timbun', 20000, 1),
(6, 'Tanah Urug ', 75000, 3),
(7, 'Pasir Urug', 75000, 3),
(8, 'Pasir Cor', 125000, 3),
(9, 'Pasir Laut ', 100000, 3),
(10, 'Kerikil Sungai', 150000, 3),
(11, 'Kerikil Galian', 100000, 3),
(12, 'Tanah Liat ', 75000, 3),
(13, 'Andesit ', 40000, 2),
(14, 'Kerikil Galian', 35000, 2),
(15, 'Kerikil Sungai', 30000, 2),
(16, 'Batu Kali', 30000, 2),
(17, 'Kerikil Sungai', 27000, 2),
(18, 'Pasir Urug', 12000, 2),
(19, 'Pasir Kwarsa', 11000, 2),
(20, 'Sirtu', 30000, 2),
(21, 'Tanah Liat ', 15000, 2),
(22, 'Tanah Urug', 18000, 2),
(23, 'Granit', 150000, 2),
(24, 'Kaolin', 11000, 2),
(25, 'Bentonit', 8000, 2),
(26, 'Batu Alam', 64000, 4),
(27, 'Batu Kapur', 24000, 4),
(28, 'Batu Kali', 20000, 4),
(29, 'Pasir', 20000, 4),
(30, 'Sirtu', 20000, 4),
(31, 'Tanah Liat', 12000, 4),
(32, 'Tanah Urug', 10000, 4),
(33, 'Tanah Urug', 84000, 5),
(34, 'Pasir Urug', 132000, 5),
(35, 'Pasir Pasang', 17500, 6),
(36, 'Pasir Urug', 17500, 6),
(37, 'Kerikil', 25000, 6),
(38, 'Sirtu', 20000, 6),
(39, 'Tanah Urug', 15000, 6),
(40, 'Timbunan Pilihan ', 17500, 6),
(41, 'Granit', 25000, 6),
(42, 'Andesit', 25000, 6),
(43, 'Basalt', 25000, 6),
(44, 'Trakit', 25000, 6),
(45, 'Dasit', 25000, 6),
(46, 'Batu Sungai', 25000, 6),
(47, 'Tanah Liat', 17500, 6),
(48, 'Pasir', 15000, 7),
(49, 'Kerikil', 15000, 7),
(50, 'Pasir Kuarsa', 15000, 7),
(51, 'Tanah Liat', 5000, 7),
(61, 'Pasir Kwarsa', 22500, 8),
(62, 'Sirtu', 27500, 8),
(63, 'Kerikil', 32500, 8),
(64, 'Tanah Serap', 12500, 8),
(65, 'Tanah Diatome', 8000, 8),
(66, 'Tanah Liat', 10000, 8),
(67, 'Batu Setengah Permata', 95000, 9),
(68, 'Batu Kapur', 30000, 9),
(69, 'Bentonik', 65000, 9),
(70, 'Marmer', 95000, 9),
(71, 'Pasir', 25000, 9),
(72, 'Kerikil', 25000, 9),
(73, 'Pasir Kali', 150000, 9),
(74, 'Pasir Kuarsa', 75000, 9),
(75, 'Tanah Liat', 15000, 9),
(76, 'Batu Granit', 95000, 9),
(77, 'Tanah Urug', 15000, 9),
(78, 'Tanah Liat', 10000, 10),
(79, 'Tanah Urug', 20000, 10),
(80, 'Pasir', 30000, 10),
(81, 'Kerikil', 35000, 10),
(82, 'Pasir Cuci', 40000, 11),
(83, 'Pasir Urug', 40000, 11),
(84, 'Tanah Timbun', 10000, 11),
(85, 'Pasir Laut', 40000, 11),
(86, 'Pasir Pasang', 27500, 12),
(87, 'Pasir Urug', 12500, 12),
(88, 'Pasir Cor', 35000, 12),
(89, 'Kerikil', 45000, 12),
(90, 'Tanah Urug', 11000, 12),
(91, 'Tanah Liat ', 18500, 12);

-- --------------------------------------------------------

--
-- Table structure for table `perusahaan`
--

CREATE TABLE `perusahaan` (
  `id` int(30) NOT NULL,
  `nm_perusahaan` varchar(70) NOT NULL,
  `luas_wilayah` double NOT NULL,
  `id_desa` int(11) DEFAULT NULL,
  `id_kecamatan` int(11) NOT NULL,
  `id_kabupaten` int(11) NOT NULL,
  `id_komoditas` int(11) NOT NULL
) ENGINE=InnoDB DEFAULT CHARSET=latin1;

--
-- Dumping data for table `perusahaan`
--

INSERT INTO `perusahaan` (`id`, `nm_perusahaan`, `luas_wilayah`, `id_desa`, `id_kecamatan`, `id_kabupaten`, `id_komoditas`) VALUES
(1, 'PT. USAHA GEMILANG', 2, 9, 23, 3, 7),
(2, 'PT. SUMATERA MANDIRI INDONESIA', 2, 16, 24, 3, 7),
(3, 'PT. LIDAH SAMPANA', 2, 16, 24, 3, 7),
(5, 'H. SLAMET WAHYUDI', 0.1, 26, 27, 2, 18),
(6, 'PT. KURNIA SUBUR', 65, 69, 26, 2, 13),
(7, 'CV MANDIRI GLOBAL INVESTAMA', 15, 33, 83, 6, 38),
(8, 'ZAMAL USMAN', 21.57, 41, 82, 6, 38),
(9, 'IDISMAN', 5, 42, 74, 6, 38),
(10, 'ANUAR JAMIL', 3, 33, 83, 6, 38),
(12, 'PT. PERKEBUNAN NUSANTARA V', 2, 50, 115, 9, 77),
(13, 'EKA SUMAHAMID', 6, 70, 41, 4, 30),
(14, ' ABU BAKAR', 15, 55, 55, 4, 30),
(16, 'PT. RIAU MAS BERSAUDARA', 4.66, 56, 58, 4, 30),
(18, ' RUDI MULYAWAN', 20, 57, 58, 4, 30),
(19, ' PT.PANTIAN RAGI PERKASA ', 2.2, 70, 41, 4, 30),
(20, 'RAL MULYADI ', 13.75, 72, 56, 4, 30),
(21, ' ZULFAHMI ', 6, 63, 62, 4, 30),
(22, ' OMAR YUDISTIRA ', 1.8, 58, 58, 4, 30),
(23, ' NASRI ', 20, 62, 62, 4, 30),
(24, ' ASMEN', 42.4, 60, 62, 4, 30),
(25, ' H.EDISON HAMID,SE ', 6, 61, 62, 4, 30),
(26, ' ZULMANSYAH', 2, 65, 53, 4, 30),
(27, ' HELBY ASTIKA ', 8, 73, 41, 4, 30),
(28, ' DARMENDRA', 1.5, 64, 62, 4, 30),
(29, ' HAMDIS ', 6.8, 63, 62, 4, 30),
(30, ' FAIRUSTAN', 10, 66, 52, 4, 30),
(31, ' PT. MINANG TUNAS JAYA ', 10, 64, 62, 4, 30),
(33, 'CV MITRA ANUGERAH', 10.9, 68, 50, 4, 30),
(34, ' JERI VAMATRA', 75, 71, 41, 4, 30),
(36, 'DWI KURNIAWAN', 3.8, 67, 43, 4, 30),
(37, 'Irwanto Bagastoro', 21.92, 492, 127, 10, 79),
(38, 'PT. Buantan Siak Jaya', 1.5, 493, 126, 10, 79),
(39, 'PT. Airmas Gemilang Nusantara', 5, 15, 24, 3, 8),
(40, 'PT. Green Lestari Perkasa', 5.10238, 497, 24, 3, 8),
(41, 'PT. Green Lestari Perkasa', 6.52233, 500, 14, 3, 8),
(42, 'Tampan Sinulingga', 3.24074, 69, 26, 2, 13),
(43, 'Andi Putra', 198, 501, 74, 6, 38),
(44, 'Halfisa', 23.5, 494, 82, 6, 38),
(45, 'Jarman', 15.0114, 494, 82, 6, 38),
(46, 'Jejen Putra', 23, 502, 78, 6, 38),
(47, 'Marwin', 2, 503, 78, 6, 35),
(48, 'Zamal Usman', 7.29, 494, 82, 6, 38),
(49, 'Irwanto Bagastoro', 15.82, 492, 127, 10, 79),
(50, 'Irwanto Bagastoro', 7.32, 495, 127, 10, 79),
(51, 'Irwanto Bagastoro', 12.02, 492, 127, 10, 79),
(52, 'Irwanto Bagastoro', 14.21, 492, 127, 10, 79),
(53, 'PT. Hemat Mandiri Jaya', 53.81, 504, 132, 10, 79),
(54, 'PT. Tiram Bangun Kencana', 3.2, 493, 126, 10, 79),
(55, 'PT. Tuah Rantau Bumi Melayu', 5.4, 496, 138, 10, 79),
(56, 'PT. Agra Mitra Mandiri', 922.27, 7, 6, 1, 2),
(57, 'PT. Karsa Utama Selaras', 996.42, 7, 6, 1, 2),
(58, 'PT. Media Visual Pratama', 883.94, 7, 6, 1, 2),
(59, 'PT. Noer Media Musikindo', 996.13, 7, 6, 1, 2),
(60, 'PT. Loka Kencana Samudera', 342.06, 505, 143, 11, 85),
(126, 'AZMAN', 55, 60, 62, 4, 30),
(127, 'ANASRIL', 10, 498, 58, 4, 30),
(128, 'SYAMSURIJAL DT RENO SE', 28, 499, 62, 4, 30),
(145, 'Koperasi Puskoppolda Riau', 2.8, 474, 52, 4, 30),
(146, 'Yurizal', 4, 507, 74, 6, 38),
(147, 'PT. Tiram Bangun Kencana', 5.4, 508, 138, 10, 79),
(148, 'PT. Tiram Bangun Kencana', 1000, 7, 6, 1, 2),
(149, 'Andi Januar Hidayat', 7, 509, 138, 10, 79),
(150, 'Devi', 5, 509, 138, 10, 79),
(151, 'Abu Bakar', 53, 494, 82, 6, 38),
(152, 'Sutriyadi S', 7.7, 493, 126, 10, 79),
(154, 'TRI MAR THEO.PT ', 1000, NULL, 6, 1, 2),
(155, 'LOGOMAS UTAMA, PT', 5030, 0, 6, 1, 2),
(156, 'PT. Adhiyasa', 9.1, 68, 50, 4, 30),
(157, 'Hasrul', 2, 508, 138, 10, 79),
(158, 'Basri ST', 2, 496, 138, 10, 79),
(159, 'Sutriyadi S', 7.7, 493, 126, 10, 79),
(160, 'PT Catur Mitra Karya Gemilang', 85.36, 414, 44, 4, 30),
(161, 'Dedi Setiadi', 2.14, 511, 57, 4, 30),
(162, 'Sehat Abdi Saragih', 0.8, 139, 8, 1, 5),
(163, 'PT. Petronesia Benimel', 66.43, 512, 127, 10, 79),
(165, 'Cecep Suhadi', 0.7, 731, 57, 4, 32),
(166, 'Parlindungan Sitindoan', 7.1, 1579, 132, 10, 79),
(167, 'Parlindungan Sitindoan', 3.9, 1579, 132, 10, 79),
(168, 'Parlindungan Sitindoan', 6.1, 1579, 132, 10, 79),
(169, 'Bisman Nasution ', 1.5, 1378, 109, 9, 71),
(170, 'Irwansyah', 15.6, 1348, 104, 8, 66),
(171, 'Riandi Adma Tri Saputra', 18.92, 949, 79, 6, 38),
(172, 'Indrawan', 15, 1003, 82, 6, 38),
(173, 'M. Nazifan', 6.75, 816, 62, 4, 30),
(174, 'Tri Mulyo', 29, 238, 29, 2, 18),
(175, 'Raja Anis', 23.19, 233, 29, 2, 18),
(176, 'Mangisi Simamora', 6.3, 195, 26, 2, 18),
(177, 'CV. Andalan Raya/ Ali Shodiqin', 2.79, 349, 37, 2, 20),
(178, 'Afrizal', 13.94, 349, 37, 2, 20),
(179, 'PT. Riau Indah Cipta Harmoni', 10.2, 507, 140, 11, 84),
(180, 'Edward Silalahi', 2.78, 1422, 114, 9, 77),
(181, 'CV. Alaskobar Indonesia ', 18.3, 1117, 150, 12, 90),
(182, 'CV. Alaskobar Indonesia ', 30.7, 1117, 150, 12, 90),
(183, 'CV. Alaskobar Indonesia ', 3, 1117, 150, 12, 90),
(184, 'CV. Alaskobar Indonesia ', 13.5, 1117, 150, 12, 90),
(185, 'Irwanto Bagastoro', 12.02, 492, 127, 10, 79),
(186, 'Andi Januar Hidayat', 1, 1631, 138, 10, 80);

-- --------------------------------------------------------

--
-- Table structure for table `perusahaan_izin`
--

CREATE TABLE `perusahaan_izin` (
  `id_relasi` int(30) NOT NULL,
  `id` int(30) NOT NULL,
  `id_izin` int(11) NOT NULL,
  `tgl_sk_pw` date DEFAULT NULL,
  `nmr_sk_pw` varchar(70) DEFAULT NULL,
  `tgl_mulai` date DEFAULT NULL,
  `tgl_berakhir` date DEFAULT NULL,
  `nomor_sk` varchar(100) DEFAULT NULL,
  `status` varchar(40) NOT NULL
) ENGINE=InnoDB DEFAULT CHARSET=latin1;

--
-- Dumping data for table `perusahaan_izin`
--

INSERT INTO `perusahaan_izin` (`id_relasi`, `id`, `id_izin`, `tgl_sk_pw`, `nmr_sk_pw`, `tgl_mulai`, `tgl_berakhir`, `nomor_sk`, `status`) VALUES
(1, 14, 2, NULL, NULL, '2014-12-31', '2017-12-31', '545/ESDM/IUP/2014/29', 'Habis Masa Berlaku'),
(2, 10, 2, NULL, NULL, '2014-04-25', '2016-04-25', 'Kpts.284/IV/2014', 'Habis Masa Berlaku'),
(3, 24, 2, NULL, NULL, '2015-04-09', '2020-03-09', '545/ESDM/IUP/2015/04', 'Berproduksi'),
(4, 0, 2, NULL, NULL, '2014-08-25', '2018-08-25', '545/ESDM/IUP/2014/14', 'Berproduksi'),
(5, 7, 2, NULL, NULL, '2013-09-23', '2016-09-23', 'Kpts.336.a/IX/13', 'Habis Masa Berlaku'),
(6, 33, 2, NULL, NULL, '2016-12-29', '2021-12-29', '503/BP2T/IZIN-ESDM/55', 'Berproduksi'),
(7, 28, 2, NULL, NULL, '2015-04-30', '2019-04-30', '545/ESDM/IUP/2015/13', 'Berproduksi'),
(8, 36, 2, NULL, NULL, '2014-09-17', '2016-05-09', '545/ESDM/IUP/2014/15', 'Dalam Proses Perpanjangan'),
(9, 13, 2, NULL, NULL, '2015-04-30', '2020-04-30', '545/ESDM/IUP/2015/', 'Berproduksi'),
(10, 30, 2, NULL, NULL, '2015-04-30', '2018-04-30', '545/ESDM/IUP/2014/--', 'Habis Masa Berlaku'),
(11, 25, 2, NULL, NULL, '2015-04-30', '2019-04-30', '545/ESDM/IUP/2015/07', 'Berproduksi'),
(12, 5, 2, NULL, NULL, '2017-05-27', '2017-05-27', '26/BPMD & PPT/BP-IUP/V/2015', 'Dalam Proses Perpanjangan'),
(13, 29, 2, NULL, NULL, '2015-04-30', '2019-04-30', '545/ESDM/IUP/2015/14', 'Berproduksi'),
(14, 27, 2, NULL, NULL, '2015-04-30', '2018-06-03', '545/ESDM/IUP/2015/II', 'Habis Masa Berlaku'),
(15, 9, 2, NULL, NULL, '2014-05-16', '2016-05-16', 'Kpts.309/V/2014', 'Dalam Proses Perpanjangan'),
(16, 34, 2, NULL, NULL, '2014-12-31', '2019-07-04', '545/ESDM/IUP/2014/28', 'Berproduksi'),
(17, 23, 2, NULL, NULL, '2015-01-26', '2018-01-26', '545/ESDM/IUP/2015/02', 'Habis Masa Berlaku'),
(18, 22, 2, NULL, NULL, '2014-12-29', '2019-10-31', '545/ESDM/IUP/2014/26', 'Berproduksi'),
(19, 6, 2, NULL, NULL, '2013-12-05', '2015-12-05', '7/BPMD&PPT/BP-IUP/XII/2013', 'Dalam Proses Perpanjangan'),
(20, 37, 1, '2016-12-08', 'kpts.54/XII/2016', NULL, NULL, NULL, ''),
(21, 38, 1, '2016-12-08', 'kpts.44/XII/2016', NULL, NULL, NULL, ''),
(22, 3, 2, NULL, NULL, '2015-11-10', '2020-10-10', '503/BP2T/Izin-ESDM/04', 'Berproduksi'),
(23, 31, 2, NULL, NULL, '2015-04-30', '2018-04-30', '545/ESDM/IUP/2014/16', 'Habis Masa Berlaku'),
(24, 19, 2, NULL, NULL, '2014-12-29', '2019-12-29', '545/ESDM/IUP/2014/25', 'Berproduksi'),
(25, 12, 2, NULL, NULL, '2014-12-22', '2015-12-22', 'Kpts.545/DISTAMBEN/661/2014', 'Dalam Proses Perpanjangan'),
(26, 16, 2, NULL, NULL, '2014-04-01', '2019-04-01', '545/ESDM/IUP/2014/04', 'Berproduksi'),
(27, 2, 2, NULL, NULL, '2015-02-10', '2020-10-01', '503/BP2T/Izin-ESDM/05', 'Berproduksi'),
(28, 1, 2, NULL, NULL, '2015-12-09', '2020-09-11', '503/BP2T/Izin-ESDM/21', 'Berproduksi'),
(29, 20, 2, NULL, NULL, '2014-12-31', '2019-12-31', '545/ESDM/IUP/2014/27', 'Berproduksi'),
(30, 18, 2, NULL, NULL, '2014-12-17', '2018-12-17', '545/ESDM/IUP/2014/22', 'Berproduksi'),
(31, 8, 2, NULL, NULL, '2014-04-25', '2016-04-25', 'Kpts.285/IV/2014', 'Dalam Proses Perpanjangan'),
(32, 21, 2, NULL, NULL, '2015-01-26', '2019-01-26', '545/ESDM/IUP/2015/01', 'Berproduksi'),
(33, 26, 2, NULL, NULL, '2015-04-30', '2018-04-30', '545/ESDM/IUP/2015/10', 'Habis Masa Berlaku'),
(34, 39, 1, '2016-12-08', 'kpts.41/XII/2016', NULL, NULL, NULL, ''),
(35, 40, 1, '2016-12-08', 'kpts.64/XII/2016', NULL, NULL, NULL, ''),
(36, 41, 1, '2016-12-08', 'kpts.65/XII/2016', NULL, NULL, NULL, ''),
(37, 42, 1, '2016-12-08', 'kpts.55/XII/2016', NULL, NULL, NULL, ''),
(38, 43, 1, '2016-12-08', 'kpts.38/XII/2016', NULL, NULL, NULL, ''),
(39, 44, 1, '2016-12-08', 'kpts.66/XII/2016', NULL, NULL, NULL, ''),
(40, 45, 1, '2016-12-08', 'kpts.60/XII/2016', NULL, NULL, NULL, ''),
(41, 46, 1, '2016-12-08', 'kpts.61/XII/2016', NULL, NULL, NULL, ''),
(42, 47, 1, '2016-12-08', 'kpts.67/XII/2016', NULL, NULL, NULL, ''),
(43, 48, 1, '2016-12-08', 'kpts.62/XII/2016', NULL, NULL, NULL, ''),
(44, 49, 1, '2016-12-08', 'kpts.46/XII/2016', NULL, NULL, NULL, ''),
(45, 50, 1, '2016-12-08', 'kpts.47/XII/2016', NULL, NULL, NULL, ''),
(46, 52, 1, '2016-12-08', 'kpts.52/XII/2016', NULL, NULL, NULL, ''),
(47, 53, 1, '2016-12-08', 'kpts.45/XII/2016', NULL, NULL, NULL, ''),
(48, 54, 1, '2016-12-08', 'kpts.37/XII/2016', NULL, NULL, NULL, ''),
(49, 55, 1, '2016-12-06', 'kpts.63/XII/2016', NULL, NULL, NULL, ''),
(50, 56, 1, '2017-01-17', 'Kpts.12/I/2017', NULL, NULL, NULL, ''),
(51, 57, 1, '2017-01-17', 'Kpts.11/I/2017', NULL, NULL, NULL, ''),
(52, 58, 1, '2017-01-17', 'Kpts.13/I/2017', NULL, NULL, NULL, ''),
(53, 59, 1, '2017-01-17', 'Kpts.14/I/2017', NULL, NULL, NULL, ''),
(54, 60, 1, '2017-01-17', 'Kpts.15/I/2017', NULL, NULL, NULL, ''),
(56, 77, 1, '2018-07-30', '', NULL, NULL, NULL, '-'),
(57, 78, 1, '2018-07-30', '', NULL, NULL, NULL, '-'),
(58, 79, 1, '2018-07-30', '', NULL, NULL, NULL, '-'),
(70, 126, 2, NULL, NULL, '2014-08-25', '2018-08-25', '545/ESDM/IUP/2014/14', 'Berproduksi'),
(71, 127, 2, NULL, NULL, '2014-11-19', '2019-11-18', '545/ESDM/IUP/2014/31', 'Berproduksi'),
(72, 128, 2, NULL, NULL, '2014-12-31', '2019-12-30', '545/ESDM/IUP/2014/30', 'Berproduksi'),
(80, 137, 3, NULL, NULL, '2018-08-02', '2018-08-31', 'tes', 'Tidak Berproduksi'),
(88, 145, 1, '2017-01-17', 'Kpts.19/I/2017', NULL, NULL, NULL, '-'),
(89, 146, 1, '2017-01-17', 'Kpts.16/I/2017', NULL, NULL, NULL, '-'),
(90, 147, 1, '2017-01-17', 'Kpts.10/I/2017', NULL, NULL, NULL, '-'),
(91, 148, 1, '2017-01-17', 'Kpts. 44/IV/2017', NULL, NULL, NULL, '-'),
(92, 149, 1, '2017-04-13', 'Kpts. 59/IV/2017', NULL, NULL, NULL, '-'),
(93, 150, 1, '2017-04-13', 'Kpts. 61/IV/2017', NULL, NULL, NULL, '-'),
(94, 151, 1, '2017-05-22', 'Kpts. 65/V/2017', NULL, NULL, NULL, '-'),
(95, 152, 1, '2017-07-18', '545/DESDM.04/616', NULL, NULL, NULL, '-'),
(97, 154, 2, NULL, NULL, '2016-12-22', '2021-12-22', '503/BP2T/IZIN-ESDM/33', 'Berproduksi'),
(98, 155, 2, NULL, NULL, '1999-08-23', '2028-08-11', '503/DPMPTSP/IZIN-ESDM/66', 'Berproduksi'),
(99, 156, 1, '2017-08-25', '545/DESDM.04/731', NULL, NULL, NULL, '-'),
(100, 157, 1, '2017-07-18', '545/DESDM.04/617', NULL, NULL, NULL, '-'),
(101, 158, 1, '2017-07-18', '545/DESDM.04/619', NULL, NULL, NULL, '-'),
(102, 159, 1, '2017-07-18', '545/DESDM.04/616', NULL, NULL, NULL, '-'),
(103, 160, 1, '2017-07-18', '545/DESDM.04/612', NULL, NULL, NULL, '-'),
(104, 161, 1, '2017-07-18', '545/DESDM.04/614', NULL, NULL, NULL, '-'),
(105, 162, 1, '2017-07-18', '545/DESDM.04/615', NULL, NULL, NULL, '-'),
(106, 163, 1, '2017-05-22', 'Kpts. 63/V/2017', NULL, NULL, NULL, '-'),
(108, 165, 1, '2017-05-22', 'Kpts. 64/V/2017', NULL, NULL, NULL, '-'),
(109, 166, 1, '2017-04-13', 'Kpts. 40/IV/2017', NULL, NULL, NULL, '-'),
(110, 167, 1, '2017-04-13', 'Kpts. 39/IV/2017', NULL, NULL, NULL, '-'),
(111, 168, 1, '2017-04-13', 'Kpts. 38/IV/2017', NULL, NULL, NULL, '-'),
(112, 169, 1, '2017-04-13', 'Kpts. 60/IV/2017', NULL, NULL, NULL, '-'),
(113, 170, 1, '2017-04-13', 'Kpts. 55/IV/2017', NULL, NULL, NULL, '-'),
(114, 171, 1, '2017-04-13', 'Kpts. 46/IV/2017', NULL, NULL, NULL, '-'),
(115, 172, 1, '2017-04-13', 'Kpts. 51/IV/2017', NULL, NULL, NULL, '-'),
(116, 173, 1, '2017-04-13', 'Kpts. 50/IV/2017', NULL, NULL, NULL, '-'),
(117, 174, 1, '2017-04-13', 'Kpts. 58/IV/2017', NULL, NULL, NULL, '-'),
(118, 175, 1, '2017-04-13', 'Kpts. 45/IV/2017', NULL, NULL, NULL, '-'),
(119, 176, 1, '2017-04-13', 'Kpts. 49/IV/2017', NULL, NULL, NULL, '-'),
(120, 177, 1, '2017-04-13', 'Kpts. 52/IV/2017', NULL, NULL, NULL, '-'),
(121, 178, 1, '2017-04-13', 'Kpts. 47/IV/2017', NULL, NULL, NULL, '-'),
(122, 179, 1, '2017-04-13', 'Kpts. 53/IV/2017', NULL, NULL, NULL, '-'),
(123, 180, 1, '2017-01-17', 'Kpts.18/I/2017', NULL, NULL, NULL, '-'),
(124, 181, 1, '2017-01-17', 'Kpts.23/I/2017', NULL, NULL, NULL, '-'),
(125, 182, 1, '2017-01-17', 'Kpts.22/I/2017', NULL, NULL, NULL, '-'),
(126, 183, 1, '2017-01-17', 'Kpts.21/I/2017', NULL, NULL, NULL, '-'),
(127, 184, 1, '2017-01-17', 'Kpts.20/I/2017', NULL, NULL, NULL, '-'),
(128, 185, 1, '2016-12-08', 'kpts.48/XII/2016', NULL, NULL, NULL, '-'),
(129, 186, 1, '2016-12-08', 'kpts.43/XII/2016', NULL, NULL, NULL, '-');

-- --------------------------------------------------------

--
-- Table structure for table `produksi`
--

CREATE TABLE `produksi` (
  `id_produksi` int(30) NOT NULL,
  `id` int(30) NOT NULL,
  `tahun_produksi` int(30) NOT NULL,
  `bulan_produksi` varchar(30) NOT NULL,
  `volume` int(30) NOT NULL,
  `total_pajak` int(30) NOT NULL,
  `pajak_bayar` int(30) NOT NULL,
  `ket_bayar` varchar(40) NOT NULL
) ENGINE=InnoDB DEFAULT CHARSET=latin1;

--
-- Dumping data for table `produksi`
--

INSERT INTO `produksi` (`id_produksi`, `id`, `tahun_produksi`, `bulan_produksi`, `volume`, `total_pajak`, `pajak_bayar`, `ket_bayar`) VALUES
(10, 14, 2018, 'Maret', 80, 400000, 0, 'Kurang Bayar Pajak'),
(27, 24, 2018, 'September', 45, 225000, 225000, 'Sudah Bayar Pajak'),
(28, 33, 2018, 'September', 34, 170000, 170000, 'Sudah Bayar Pajak'),
(29, 24, 2018, 'Maret', 34, 170000, 0, 'Kurang Bayar Pajak'),
(30, 24, 2008, 'Maret', 32, 160000, 0, 'Kurang Bayar Pajak'),
(31, 33, 2018, 'Maret', 7, 35000, 0, 'Kurang Bayar Pajak');

--
-- Indexes for dumped tables
--

--
-- Indexes for table `admin`
--
ALTER TABLE `admin`
  ADD PRIMARY KEY (`id`);

--
-- Indexes for table `bukti_bayar`
--
ALTER TABLE `bukti_bayar`
  ADD PRIMARY KEY (`id_bukti`);

--
-- Indexes for table `desa`
--
ALTER TABLE `desa`
  ADD PRIMARY KEY (`id_desa`);

--
-- Indexes for table `jenis_izin`
--
ALTER TABLE `jenis_izin`
  ADD PRIMARY KEY (`id_izin`);

--
-- Indexes for table `kabupaten`
--
ALTER TABLE `kabupaten`
  ADD PRIMARY KEY (`id_kabupaten`);

--
-- Indexes for table `kecamatan`
--
ALTER TABLE `kecamatan`
  ADD PRIMARY KEY (`id_kecamatan`);

--
-- Indexes for table `komoditas`
--
ALTER TABLE `komoditas`
  ADD PRIMARY KEY (`id_komoditas`);

--
-- Indexes for table `perusahaan`
--
ALTER TABLE `perusahaan`
  ADD PRIMARY KEY (`id`);

--
-- Indexes for table `perusahaan_izin`
--
ALTER TABLE `perusahaan_izin`
  ADD PRIMARY KEY (`id_relasi`);

--
-- Indexes for table `produksi`
--
ALTER TABLE `produksi`
  ADD PRIMARY KEY (`id_produksi`);

--
-- AUTO_INCREMENT for dumped tables
--

--
-- AUTO_INCREMENT for table `admin`
--
ALTER TABLE `admin`
  MODIFY `id` int(11) NOT NULL AUTO_INCREMENT, AUTO_INCREMENT=11;

--
-- AUTO_INCREMENT for table `bukti_bayar`
--
ALTER TABLE `bukti_bayar`
  MODIFY `id_bukti` int(11) NOT NULL AUTO_INCREMENT, AUTO_INCREMENT=41;

--
-- AUTO_INCREMENT for table `desa`
--
ALTER TABLE `desa`
  MODIFY `id_desa` int(11) NOT NULL AUTO_INCREMENT, AUTO_INCREMENT=1632;

--
-- AUTO_INCREMENT for table `jenis_izin`
--
ALTER TABLE `jenis_izin`
  MODIFY `id_izin` int(11) NOT NULL AUTO_INCREMENT, AUTO_INCREMENT=5;

--
-- AUTO_INCREMENT for table `kabupaten`
--
ALTER TABLE `kabupaten`
  MODIFY `id_kabupaten` int(11) NOT NULL AUTO_INCREMENT, AUTO_INCREMENT=13;

--
-- AUTO_INCREMENT for table `kecamatan`
--
ALTER TABLE `kecamatan`
  MODIFY `id_kecamatan` int(11) NOT NULL AUTO_INCREMENT, AUTO_INCREMENT=161;

--
-- AUTO_INCREMENT for table `komoditas`
--
ALTER TABLE `komoditas`
  MODIFY `id_komoditas` int(11) NOT NULL AUTO_INCREMENT, AUTO_INCREMENT=92;

--
-- AUTO_INCREMENT for table `perusahaan`
--
ALTER TABLE `perusahaan`
  MODIFY `id` int(30) NOT NULL AUTO_INCREMENT, AUTO_INCREMENT=187;

--
-- AUTO_INCREMENT for table `perusahaan_izin`
--
ALTER TABLE `perusahaan_izin`
  MODIFY `id_relasi` int(30) NOT NULL AUTO_INCREMENT, AUTO_INCREMENT=130;

--
-- AUTO_INCREMENT for table `produksi`
--
ALTER TABLE `produksi`
  MODIFY `id_produksi` int(30) NOT NULL AUTO_INCREMENT, AUTO_INCREMENT=32;
COMMIT;

/*!40101 SET CHARACTER_SET_CLIENT=@OLD_CHARACTER_SET_CLIENT */;
/*!40101 SET CHARACTER_SET_RESULTS=@OLD_CHARACTER_SET_RESULTS */;
/*!40101 SET COLLATION_CONNECTION=@OLD_COLLATION_CONNECTION */;
